"Winning.Percentage","Pk","DraftYr","MPG","salary","season","name","team","MPGcat.Winning.Percentage","MPGcat.Pk","MPGcat.DraftYr","MPGcat.MPG","MPGcat.salary","MPGcat.season","MPGcat.name","MPGcat.team","PCTCat","MPGCat"
0.305,50,1997,15.8, 570312.99,2000,"Chris Crawford","Atlanta Hawks",0.305,50,1997,Medium,2000000,2000,Chris Crawford,Atlanta Hawks,"Below","Low"
0.451,43,1998,17.7,1625370.77,2001,"Jahidi White","Washington Wizards",0.451,43,1998,Medium,3922000,2001,Jahidi White,Washington Wizards,"Below","Medium"
0.341,41,1998,37.0,2985718.08,2001,"Cuttino Mobley","Houston Rockets",0.341,41,1998,Very High,3922000,2001,Cuttino Mobley,Houston Rockets,"Below","High"
0.549,32,1998,32.0,1388694.51,2001,"Rashard Lewis","Seattle SuperSonics",0.549,32,1998,High,3920000,2001,Rashard Lewis,Seattle SuperSonics,"Above","Medium"
0.476, 1,1998,26.3,1165343.25,2001,"Michael Olowokandi","Los Angeles Clippers",0.476, 1,1998,High,3697000,2001,Michael Olowokandi,Los Angeles Clippers,"Below","Medium"
0.280, 2,1998,33.9,5698661.50,2001,"Mike Bibby","Memphis Grizzlies",0.280, 2,1998,High,3308000,2001,Mike Bibby,Memphis Grizzlies,"Below","High"
0.329, 3,1998,25.8,2031789.63,2001,"Raef LaFrentz","Denver Nuggets",0.329, 3,1998,High,2970000,2001,Raef LaFrentz,Denver Nuggets,"Below","Medium"
0.256, 4,1998,34.8,2394622.80,2001,"Antawn Jamison","Golden State Warriors",0.256, 4,1998,High,2678000,2001,Antawn Jamison,Golden State Warriors,"Below","High"
0.512, 5,1998,30.1,1869166.97,2001,"Vince Carter","Toronto Raptors",0.512, 5,1998,High,2425000,2001,Vince Carter,Toronto Raptors,"Above","Medium"
0.354, 6,1998,14.3, 622397.51,2001,"Robert Traylor","Cleveland Cavaliers",0.354, 6,1998,Medium,2203000,2001,Robert Traylor,Cleveland Cavaliers,"Below","Low"
0.744, 7,1998,29.4, 806021.93,2001,"Jason Williams","Sacramento Kings",0.744, 7,1998,High,2011000,2001,Jason Williams,Sacramento Kings,"Above","Medium"
0.256, 8,1998,30.8,1061112.49,2001,"Larry Hughes","Golden State Warriors",0.256, 8,1998,High,1842000,2001,Larry Hughes,Golden State Warriors,"Below","Medium"
0.695, 9,1998,33.8,5315555.37,2001,"Dirk Nowitzki","Dallas Mavericks",0.695, 9,1998,High,1693000,2001,Dirk Nowitzki,Dallas Mavericks,"Above","High"
0.598,10,1998,34.2,4471453.20,2001,"Paul Pierce","Boston Celtics",0.598,10,1998,High,1608000,2001,Paul Pierce,Boston Celtics,"Above","High"
0.598,11,1998,25.6,1641104.28,2001,"Bonzi Wells","Portland Trail Blazers",0.598,11,1998,High,1528000,2001,Bonzi Wells,Portland Trail Blazers,"Above","Medium"
0.512,13,1998,22.6,2062225.13,2001,"Keon Clark","Toronto Raptors",0.512,13,1998,Medium,1379000,2001,Keon Clark,Toronto Raptors,"Above","Medium"
0.280,14,1998,35.3,3758799.28,2001,"Michael Dickerson","Memphis Grizzlies",0.280,14,1998,High,1310000,2001,Michael Dickerson,Memphis Grizzlies,"Below","High"
0.354,15,1998,26.4,1481112.23,2001,"Matt Harpring","Cleveland Cavaliers",0.354,15,1998,High,1244000,2001,Matt Harpring,Cleveland Cavaliers,"Below","Medium"
0.695,53,1998,19.1,1784832.17,2001,"Greg Buckner","Dallas Mavericks",0.695,53,1998,Medium,1100000,2001,Greg Buckner,Dallas Mavericks,"Above","Medium"
0.537,19,1998,20.0,1165489.63,2001,"Pat Garrity","Orlando Magic",0.537,19,1998,Medium,1019000,2001,Pat Garrity,Orlando Magic,"Above","Medium"
0.549,31,1998,24.6,1986222.06,2001,"Ruben Patterson","Seattle SuperSonics",0.549,31,1998,High, 990000,2001,Ruben Patterson,Seattle SuperSonics,"Above","Medium"
0.524,20,1998,18.8,1264596.23,2001,"Roshown McLeod","Philadelphia 76ers",0.524,20,1998,Medium, 978000,2001,Roshown McLeod,Philadelphia 76ers,"Above","Medium"
0.439,21,1998,29.8, 813069.91,2001,"Ricky Davis","Miami Heat",0.439,21,1998,High, 939000,2001,Ricky Davis,Miami Heat,"Below","Medium"
0.476,22,1998,17.9,1302009.28,2001,"Brian Skinner","Los Angeles Clippers",0.476,22,1998,Medium, 901000,2001,Brian Skinner,Los Angeles Clippers,"Below","Medium"
0.707,23,1998,22.7,1605806.87,2001,"Tyronn Lue","Los Angeles Lakers",0.707,23,1998,Medium, 865000,2001,Tyronn Lue,Los Angeles Lakers,"Above","Medium"
0.512,25,1998,28.6,1402887.95,2001,"Al Harrington","Indiana Pacers",0.512,25,1998,High, 797000,2001,Al Harrington,Indiana Pacers,"Above","Medium"
0.256,28,1998,14.3,  34990.81,2001,"Corey Benjamin","Chicago Bulls",0.256,28,1998,Medium, 744000,2001,Corey Benjamin,Chicago Bulls,"Below","Low"
0.524,29,1998,15.8,  83765.09,2001,"Nazr Mohammed","Philadelphia 76ers",0.524,29,1998,Medium, 739000,2001,Nazr Mohammed,Philadelphia 76ers,"Above","Low"
0.549,34,1998,16.5, 871325.97,2001,"Shammond Williams","Seattle SuperSonics",0.549,34,1998,Medium, 550000,2001,Shammond Williams,Seattle SuperSonics,"Above","Medium"
0.329,55,1998,12.8, 451593.06,2001,"Ryan Bowen","Denver Nuggets",0.329,55,1998,Medium, 508000,2001,Ryan Bowen,Denver Nuggets,"Below","Low"
0.500,39,1998,28.9, 423000.00,2001,"Rafer Alston","Milwaukee Bucks",0.500,39,1998,High, 423000,2001,Rafer Alston,Milwaukee Bucks,"Below","Medium"
0.488,35,1999,12.2, 529993.50,2002,"Calvin Booth","Seattle SuperSonics",0.488,35,1999,Medium,4539000,2002,Calvin Booth,Seattle SuperSonics,"Below","Low"
0.524, 2,1999,37.6,3808271.31,2002,"Steve Francis","Houston Rockets",0.524, 2,1999,Very High,3473000,2002,Steve Francis,Houston Rockets,"Above","High"
0.573, 3,1999,34.2,4322691.26,2002,"Baron Davis","Charlotte Hornets",0.573, 3,1999,High,3119000,2002,Baron Davis,Charlotte Hornets,"Above","High"
0.732,34,1999,14.0, 350930.91,2002,"Evan Eschmeyer","Dallas Mavericks",0.732,34,1999,Medium,3038000,2002,Evan Eschmeyer,Dallas Mavericks,"Above","Low"
0.585, 5,1999,14.7, 779010.24,2002,"Jonathan Bender","Indiana Pacers",0.585, 5,1999,Medium,2546000,2002,Jonathan Bender,Indiana Pacers,"Above","Low"
0.622, 6,1999,30.8,1817103.93,2002,"Wally Szczerbiak","Minnesota Timberwolves",0.622, 6,1999,High,2313000,2002,Wally Szczerbiak,Minnesota Timberwolves,"Above","Medium"
0.451, 7,1999,32.1,3930780.84,2002,"Richard Hamilton","Washington Wizards",0.451, 7,1999,High,2111000,2002,Richard Hamilton,Washington Wizards,"Below","High"
0.207, 8,1999,30.9,1415980.53,2002,"Andre Miller","Cleveland Cavaliers",0.207, 8,1999,High,1934000,2002,Andre Miller,Cleveland Cavaliers,"Below","Medium"
0.537, 9,1999,34.5,5197272.68,2002,"Shawn Marion","Phoenix Suns",0.537, 9,1999,High,1778000,2002,Shawn Marion,Phoenix Suns,"Above","High"
0.427,10,1999,29.8, 974707.54,2002,"Jason Terry","Atlanta Hawks",0.427,10,1999,High,1689000,2002,Jason Terry,Atlanta Hawks,"Below","Medium"
0.207,11,1999,14.6, 746404.39,2002,"Trajan Langdon","Cleveland Cavaliers",0.207,11,1999,Medium,1604000,2002,Trajan Langdon,Cleveland Cavaliers,"Below","Low"
0.585,16,1999,31.7,1563812.35,2002,"Metta World Peace","Indiana Pacers",0.585,16,1999,High,1241000,2002,Metta World Peace,Indiana Pacers,"Above","Medium"
0.427,17,1999, 9.7, 559393.90,2002,"Cal Bowdler","Atlanta Hawks",0.427,17,1999,Low,1179000,2002,Cal Bowdler,Atlanta Hawks,"Below","Low"
0.207,18,1999,26.9,1670066.97,2002,"James Posey","Denver Nuggets",0.207,18,1999,High,1120000,2002,James Posey,Denver Nuggets,"Below","Medium"
0.573,19,1999,11.7, 655053.63,2002,"Quincy Lewis","Utah Jazz",0.573,19,1999,Low,1070000,2002,Quincy Lewis,Utah Jazz,"Above","Low"
0.427,20,1999,20.9,1221123.05,2002,"Dion Glover","Atlanta Hawks",0.427,20,1999,Medium,1027000,2002,Dion Glover,Atlanta Hawks,"Below","Medium"
0.585,21,1999,20.6,1846972.84,2002,"Jeff Foster","Indiana Pacers",0.585,21,1999,Medium, 986000,2002,Jeff Foster,Indiana Pacers,"Above","Medium"
0.524,22,1999,27.4, 870176.66,2002,"Kenny Thomas","Houston Rockets",0.524,22,1999,High, 946000,2002,Kenny Thomas,Houston Rockets,"Above","Medium"
0.585,25,1999, 6.1, 197708.05,2002,"Tim James","Philadelphia 76ers",0.585,25,1999,Low, 837000,2002,Tim James,Philadelphia 76ers,"Above","Low"
0.610,23,1999,18.5,1796413.26,2002,"Devean George","Los Angeles Lakers",0.610,23,1999,Medium, 834000,2002,Devean George,Los Angeles Lakers,"Above","Medium"
0.573,24,1999,30.0,1214517.36,2002,"Andrei Kirilenko","Utah Jazz",0.573,24,1999,High, 831000,2002,Andrei Kirilenko,Utah Jazz,"Above","Medium"
0.585,26,1999,19.0,1194691.06,2002,"Vonteego Cummings","Philadelphia 76ers",0.585,26,1999,Medium, 810000,2002,Vonteego Cummings,Philadelphia 76ers,"Above","Medium"
0.207,27,1999,20.8,1133555.11,2002,"Jumaine Jones","Cleveland Cavaliers",0.207,27,1999,Medium, 786000,2002,Jumaine Jones,Cleveland Cavaliers,"Below","Medium"
0.573,28,1999,12.5, 403868.14,2002,"Scott Padgett","Utah Jazz",0.573,28,1999,Medium, 781000,2002,Scott Padgett,Utah Jazz,"Above","Low"
0.598,47,1999,15.4,  33052.92,2002,"Todd MacCulloch","Brooklyn Nets",0.598,47,1999,Medium, 550000,2002,Todd MacCulloch,Brooklyn Nets,"Above","Low"
0.585,32,1999,14.4, 224708.74,2002,"Michael Ruffin","Philadelphia 76ers",0.585,32,1999,Medium, 540000,2002,Michael Ruffin,Philadelphia 76ers,"Above","Low"
0.341,53,1999,18.2,1299493.17,2002,"Rodney Buford","Memphis Grizzlies",0.341,53,1999,Medium, 540000,2002,Rodney Buford,Memphis Grizzlies,"Below","Medium"
0.573,43,1999,19.0,1956659.40,2002,"Lee Nailon","Charlotte Hornets",0.573,43,1999,Medium, 466000,2002,Lee Nailon,Charlotte Hornets,"Above","Medium"
0.573, 1,2000,30.6, 919855.51,2003,"Kenyon Martin","Brooklyn Nets",0.573, 1,2000,High,4067000,2003,Kenyon Martin,Brooklyn Nets,"Above","Medium"
0.610, 2,2000,19.8, 858861.42,2003,"Stromile Swift","Memphis Grizzlies",0.610, 2,2000,Medium,3656000,2003,Stromile Swift,Memphis Grizzlies,"Above","Medium"
0.427, 3,2000,26.3,2044560.89,2003,"Darius Miles","Cleveland Cavaliers",0.427, 3,2000,High,3267000,2003,Darius Miles,Cleveland Cavaliers,"Below","Medium"
0.280, 4,2000,20.9,2180829.49,2003,"Marcus Fizer","Chicago Bulls",0.280, 4,2000,Medium,2946000,2003,Marcus Fizer,Chicago Bulls,"Below","Medium"
0.610, 5,2000,26.9,1285702.78,2003,"Mike Miller","Memphis Grizzlies",0.610, 5,2000,High,2668000,2003,Mike Miller,Memphis Grizzlies,"Above","Medium"
0.427, 7,2000,20.1,1820754.67,2003,"Chris Mihm","Cleveland Cavaliers",0.427, 7,2000,Medium,2222000,2003,Chris Mihm,Cleveland Cavaliers,"Below","Medium"
0.280, 8,2000,29.4,2183842.81,2003,"Jamal Crawford","Chicago Bulls",0.280, 8,2000,High,2026000,2003,Jamal Crawford,Chicago Bulls,"Below","Medium"
0.500, 9,2000,19.8,1862000.00,2003,"Joel Przybilla","Milwaukee Bucks",0.500, 9,2000,Medium,1862000,2003,Joel Przybilla,Milwaukee Bucks,"Below","Medium"
0.305,12,2000,17.3,1552124.76,2003,"Etan Thomas","Washington Wizards",0.305,12,2000,Medium,1605000,2003,Etan Thomas,Washington Wizards,"Below","Medium"
0.671,14,2000,11.2, 376627.96,2003,"Mateen Cleaves","Sacramento Kings",0.671,14,2000,Low,1441000,2003,Mateen Cleaves,Sacramento Kings,"Above","Low"
0.549,15,2000,14.4, 598602.92,2003,"Jason Collier","Houston Rockets",0.549,15,2000,Medium,1376000,2003,Jason Collier,Houston Rockets,"Above","Low"
0.451,17,2000,30.5,1404322.40,2003,"Desmond Mason","Seattle SuperSonics",0.451,17,2000,High,1235000,2003,Desmond Mason,Seattle SuperSonics,"Below","Medium"
0.695,20,2000,25.6,1555676.12,2003,"Speedy Claxton","San Antonio Spurs",0.695,20,2000,High,1081000,2003,Speedy Claxton,San Antonio Spurs,"Above","Medium"
0.402,21,2000,27.2,2144636.56,2003,"Morris Peterson","Toronto Raptors",0.402,21,2000,High,1033000,2003,Morris Peterson,Toronto Raptors,"Below","Medium"
0.524,22,2000,16.2,1649283.41,2003,"Donnell Harvey","Denver Nuggets",0.524,22,2000,Medium, 992000,2003,Donnell Harvey,Denver Nuggets,"Above","Medium"
0.512,23,2000,22.3,1177810.18,2003,"DeShawn Stevenson","Utah Jazz",0.512,23,2000,Medium, 956000,2003,DeShawn Stevenson,Utah Jazz,"Above","Medium"
0.354,25,2000,15.9, 220960.95,2003,"Jake Tsakalidis","Phoenix Suns",0.354,25,2000,Medium, 877000,2003,Jake Tsakalidis,Phoenix Suns,"Below","Low"
0.683,29,2000,11.8, 792135.46,2003,"Mark Madsen","Los Angeles Lakers",0.683,29,2000,Low, 817000,2003,Mark Madsen,Los Angeles Lakers,"Above","Low"
0.354,33,2000,14.3, 342863.77,2003,"Jake Voskuhl","Phoenix Suns",0.354,33,2000,Medium, 587000,2003,Jake Voskuhl,Phoenix Suns,"Below","Low"
0.256,42,2000, 6.3, 119517.38,2003,"Olumide Oyedeji","Orlando Magic",0.256,42,2000,Low, 587000,2003,Olumide Oyedeji,Orlando Magic,"Below","Low"
0.549, 1,2001,22.1,1085574.67,2004,"Kwame Brown","Washington Wizards",0.549, 1,2001,Medium,4252000,2004,Kwame Brown,Washington Wizards,"Above","Medium"
0.549, 3,2001,33.4,2832241.88,2004,"Pau Gasol","Memphis Grizzlies",0.549, 3,2001,High,3417000,2004,Pau Gasol,Memphis Grizzlies,"Above","High"
0.549, 6,2001,30.7,1331570.57,2004,"Shane Battier","Memphis Grizzlies",0.549, 6,2001,High,2533000,2004,Shane Battier,Memphis Grizzlies,"Above","Medium"
0.512, 8,2001,14.0, 281759.04,2004,"DeSagana Diop","Cleveland Cavaliers",0.512, 8,2001,Medium,2118000,2004,DeSagana Diop,Cleveland Cavaliers,"Above","Low"
0.598, 9,2001,15.4, 756582.16,2004,"Rodney White","Denver Nuggets",0.598, 9,2001,Medium,1948000,2004,Rodney White,Denver Nuggets,"Above","Low"
0.756,10,2001,34.6,5887536.36,2004,"Joe Johnson","Phoenix Suns",0.756,10,2001,High,1850000,2004,Joe Johnson,Phoenix Suns,"Above","High"
0.512,11,2001,13.5, 769807.13,2004,"Kedrick Brown","Cleveland Cavaliers",0.512,11,2001,Medium,1757000,2004,Kedrick Brown,Cleveland Cavaliers,"Above","Low"
0.512,13,2001,29.0,1458369.11,2004,"Richard Jefferson","Brooklyn Nets",0.512,13,2001,High,1586000,2004,Richard Jefferson,Brooklyn Nets,"Above","Medium"
0.415,14,2001,27.3,1006210.45,2004,"Troy Murphy","Golden State Warriors",0.415,14,2001,High,1507000,2004,Troy Murphy,Golden State Warriors,"Below","Medium"
0.402,17,2001,11.7, 126551.86,2004,"Michael Bradley","Toronto Raptors",0.402,17,2001,Low,1292000,2004,Michael Bradley,Toronto Raptors,"Below","Low"
0.512,18,2001,20.4,1964525.67,2004,"Jason Collins","Brooklyn Nets",0.512,18,2001,Medium,1227000,2004,Jason Collins,Brooklyn Nets,"Above","Medium"
0.329,19,2001,31.0, 892101.23,2004,"Zach Randolph","Portland Trail Blazers",0.329,19,2001,High,1172000,2004,Zach Randolph,Portland Trail Blazers,"Below","Medium"
0.512,23,2001, 6.5, 721303.78,2004,"Brandon Armstrong","Brooklyn Nets",0.512,23,2001,Low, 995000,2004,Brandon Armstrong,Brooklyn Nets,"Above","Low"
0.524,26,2001,24.4, 968770.04,2004,"Samuel Dalembert","Philadelphia 76ers",0.524,26,2001,High, 887000,2004,Samuel Dalembert,Philadelphia 76ers,"Above","Medium"
0.537,27,2001,26.4,1741806.33,2004,"Jamaal Tinsley","Indiana Pacers",0.537,27,2001,High, 861000,2004,Jamaal Tinsley,Indiana Pacers,"Above","Medium"
0.720,28,2001,30.5,1492014.96,2004,"Tony Parker","San Antonio Spurs",0.720,28,2001,High, 856000,2004,Tony Parker,San Antonio Spurs,"Above","Medium"
0.610,25,2001,29.7,2057568.10,2004,"Gerald Wallace","Sacramento Kings",0.610,25,2001,High, 764000,2004,Gerald Wallace,Sacramento Kings,"Above","Medium"
0.537,30,2001,25.3,1568126.38,2004,"Trenton Hassell","Minnesota Timberwolves",0.537,30,2001,High, 587000,2004,Trenton Hassell,Minnesota Timberwolves,"Above","Medium"
0.610, 1,2003,38.2,3996100.67,2006,"LeBron James","Cleveland Cavaliers",0.610, 1,2003,Very High,4621800,2006,LeBron James,Cleveland Cavaliers,"Above","High"
0.366,42,2003,20.3, 833194.31,2006,"Zaza Pachulia","Atlanta Hawks",0.366,42,2003,Medium,4000000,2006,Zaza Pachulia,Atlanta Hawks,"Below","Medium"
0.549, 3,2003,34.7,5732595.69,2006,"Carmelo Anthony","Denver Nuggets",0.549, 3,2003,High,3713640,2006,Carmelo Anthony,Denver Nuggets,"Above","High"
0.427,51,2003,25.3,1653414.52,2006,"Kyle Korver","Philadelphia 76ers",0.427,51,2003,High,3636364,2006,Kyle Korver,Philadelphia 76ers,"Below","Medium"
0.573, 4,2003,35.8,5622965.06,2006,"Chris Bosh","Toronto Raptors",0.573, 4,2003,High,3348000,2006,Chris Bosh,Toronto Raptors,"Above","High"
0.537, 5,2003,33.9,5051832.94,2006,"Dwyane Wade","Miami Heat",0.537, 5,2003,High,3031920,2006,Dwyane Wade,Miami Heat,"Above","High"
0.598, 7,2003,30.7, 978661.66,2006,"Kirk Hinrich","Chicago Bulls",0.598, 7,2003,High,2513880,2006,Kirk Hinrich,Chicago Bulls,"Above","Medium"
0.744,49,2003,15.7, 406172.96,2006,"James Jones","Phoenix Suns",0.744,49,2003,Medium,2400000,2006,James Jones,Phoenix Suns,"Above","Low"
0.341, 8,2003,27.7,1770813.31,2006,"T.J. Ford","Milwaukee Bucks",0.341, 8,2003,High,2303040,2006,T.J. Ford,Milwaukee Bucks,"Below","Medium"
0.500,10,2003,23.2,2011080.00,2006,"Jarvis Hayes","Washington Wizards",0.500,10,2003,Medium,2011080,2006,Jarvis Hayes,Washington Wizards,"Below","Medium"
0.573,45,2003,16.9,1415768.70,2006,"Matt Bonner","Toronto Raptors",0.573,45,2003,Medium,2000000,2006,Matt Bonner,Toronto Raptors,"Above","Medium"
0.378,12,2003,20.4,1916587.39,2006,"Nick Collison","Seattle SuperSonics",0.378,12,2003,Medium,1815000,2006,Nick Collison,Seattle SuperSonics,"Below","Medium"
0.341,47,2003,29.2, 991443.32,2006,"Mo Williams","Milwaukee Bucks",0.341,47,2003,High,1760000,2006,Mo Williams,Milwaukee Bucks,"Below","Medium"
0.390,13,2003,16.0, 520426.15,2006,"Marcus Banks","Minnesota Timberwolves",0.390,13,2003,Medium,1724280,2006,Marcus Banks,Minnesota Timberwolves,"Below","Low"
0.378,14,2003,26.1,1022198.93,2006,"Luke Ridnour","Seattle SuperSonics",0.378,14,2003,High,1638000,2006,Luke Ridnour,Seattle SuperSonics,"Below","Medium"
0.341,15,2003, 8.5, 292779.96,2006,"Reece Gaines","Milwaukee Bucks",0.341,15,2003,Low,1556160,2006,Reece Gaines,Milwaukee Bucks,"Below","Low"
0.268,20,2003,15.7, 351946.72,2006,"Dahntay Jones","Memphis Grizzlies",0.268,20,2003,Medium,1223160,2006,Dahntay Jones,Memphis Grizzlies,"Below","Low"
0.744,21,2003,27.0,1067538.95,2006,"Boris Diaw","Phoenix Suns",0.744,21,2003,High,1174200,2006,Boris Diaw,Phoenix Suns,"Above","Medium"
0.512,32,2003,17.2,1405854.79,2006,"Luke Walton","Los Angeles Lakers",0.512,32,2003,Medium,1125000,2006,Luke Walton,Los Angeles Lakers,"Above","Medium"
0.537,31,2003,17.8,1113329.16,2006,"Jason Kapono","Miami Heat",0.537,31,2003,Medium,1100000,2006,Jason Kapono,Miami Heat,"Above","Medium"
0.390,23,2003,20.9,2178328.17,2006,"Travis Outlaw","Portland Trail Blazers",0.390,23,2003,Medium,1082160,2006,Travis Outlaw,Portland Trail Blazers,"Below","Medium"
0.512,24,2003,13.4, 632675.91,2006,"Brian Cook","Los Angeles Lakers",0.512,24,2003,Medium,1038960,2006,Brian Cook,Los Angeles Lakers,"Above","Low"
0.390,38,2003,23.9,1355296.39,2006,"Steve Blake","Portland Trail Blazers",0.390,38,2003,Medium,1000000,2006,Steve Blake,Portland Trail Blazers,"Below","Medium"
0.646,25,2003,22.8,2139647.79,2006,"Carlos Delfino","Detroit Pistons",0.646,25,2003,Medium, 969600,2006,Carlos Delfino,Detroit Pistons,"Above","Medium"
0.293,27,2003,21.9,1061422.73,2006,"Kendrick Perkins","Boston Celtics",0.293,27,2003,Medium, 936480,2006,Kendrick Perkins,Boston Celtics,"Below","Medium"
0.744,28,2003,21.6,1424718.31,2006,"Leandro Barbosa","Phoenix Suns",0.744,28,2003,Medium, 930600,2006,Leandro Barbosa,Phoenix Suns,"Above","Medium"
0.817,29,2003,30.3,1883123.11,2006,"Josh Howard","Dallas Mavericks",0.817,29,2003,High, 923880,2006,Josh Howard,Dallas Mavericks,"Above","Medium"
0.402,43,2003,21.6,1465578.98,2006,"Keith Bogans","Charlotte Bobcats",0.402,43,2003,Medium, 869373,2006,Keith Bogans,Charlotte Bobcats,"Below","Medium"
0.634,30,2003, 9.9, 646770.21,2006,"Maciej Lampe","Houston Rockets",0.634,30,2003,Low, 858534,2006,Maciej Lampe,Houston Rockets,"Above","Low"
0.634, 1,2004,31.9,1020016.43,2007,"Dwight Howard","Orlando Magic",0.634, 1,2004,High,4806720,2007,Dwight Howard,Orlando Magic,"Above","Medium"
0.390, 2,2004,30.9,1558322.95,2007,"Emeka Okafor","Charlotte Bobcats",0.390, 2,2004,High,4300560,2007,Emeka Okafor,Charlotte Bobcats,"Below","Medium"
0.402, 3,2004,27.4,1256999.51,2007,"Ben Gordon","Chicago Bulls",0.402, 3,2004,High,3862080,2007,Ben Gordon,Chicago Bulls,"Below","Medium"
0.622, 5,2004,24.3,2008161.24,2007,"Devin Harris","Dallas Mavericks",0.622, 5,2004,High,3153120,2007,Devin Harris,Dallas Mavericks,"Above","Medium"
0.634,43,2004,29.5,1086850.20,2007,"Trevor Ariza","Orlando Magic",0.634,43,2004,High,3100000,2007,Trevor Ariza,Orlando Magic,"Above","Medium"
0.402,38,2004,25.6,2193803.21,2007,"Chris Duhon","Chicago Bulls",0.402,38,2004,High,3024000,2007,Chris Duhon,Chicago Bulls,"Below","Medium"
0.451, 6,2004,26.7,1535379.96,2007,"Josh Childress","Atlanta Hawks",0.451, 6,2004,High,2863920,2007,Josh Childress,Atlanta Hawks,"Below","Medium"
0.402, 7,2004,34.3,3776706.27,2007,"Luol Deng","Chicago Bulls",0.402, 7,2004,High,2614440,2007,Luol Deng,Chicago Bulls,"Below","High"
0.488, 9,2004,32.3,4745332.60,2007,"Andre Iguodala","Philadelphia 76ers",0.488, 9,2004,High,2201640,2007,Andre Iguodala,Philadelphia 76ers,"Below","High"
0.244,12,2004,15.5, 752410.10,2007,"Robert Swift","Seattle SuperSonics",0.244,12,2004,Medium,1887600,2007,Robert Swift,Seattle SuperSonics,"Below","Low"
0.671,50,2004, 8.8, 549608.82,2007,"Vassilis Spanoulis","Houston Rockets",0.671,50,2004,Low,1800000,2007,Vassilis Spanoulis,Houston Rockets,"Above","Low"
0.805,13,2004,21.5,1047530.28,2007,"Sebastian Telfair","Boston Celtics",0.805,13,2004,Medium,1793160,2007,Sebastian Telfair,Boston Celtics,"Above","Medium"
0.500,14,2004,17.8,1703520.00,2007,"Kris Humphries","Toronto Raptors",0.500,14,2004,Medium,1703520,2007,Kris Humphries,Toronto Raptors,"Below","Medium"
0.805,15,2004,28.7,1029319.83,2007,"Al Jefferson","Boston Celtics",0.805,15,2004,High,1618320,2007,Al Jefferson,Boston Celtics,"Above","Medium"
0.671,16,2004,16.8,1587656.72,2007,"Kirk Snyder","Houston Rockets",0.671,16,2004,Medium,1537440,2007,Kirk Snyder,Houston Rockets,"Above","Medium"
0.268,40,2004,10.6, 321820.15,2007,"Justin Reed","Minnesota Timberwolves",0.268,40,2004,Low,1529873,2007,Justin Reed,Minnesota Timberwolves,"Below","Low"
0.451,17,2004,32.4,5074752.86,2007,"Josh Smith","Atlanta Hawks",0.451,17,2004,High,1460640,2007,Josh Smith,Atlanta Hawks,"Below","High"
0.183,19,2004,22.4, 985871.12,2007,"Dorell Wright","Miami Heat",0.183,19,2004,Medium,1325160,2007,Dorell Wright,Miami Heat,"Below","Medium"
0.634,20,2004,27.9,1813447.11,2007,"Jameer Nelson","Orlando Magic",0.634,20,2004,High,1272120,2007,Jameer Nelson,Orlando Magic,"Above","Medium"
0.622,21,2004, 4.7, 474818.23,2007,"Pavel Podkolzin","Dallas Mavericks",0.622,21,2004,Low,1221240,2007,Pavel Podkolzin,Dallas Mavericks,"Above","Low"
0.805,24,2004,27.4,2020865.93,2007,"Delonte West","Boston Celtics",0.805,24,2004,High,1080480,2007,Delonte West,Boston Celtics,"Above","Medium"
0.805,25,2004,22.0,1787290.51,2007,"Tony Allen","Boston Celtics",0.805,25,2004,Medium,1037280,2007,Tony Allen,Boston Celtics,"Above","Medium"
0.463,26,2004,30.2,1410930.09,2007,"Kevin Martin","Sacramento Kings",0.463,26,2004,High,1002840,2007,Kevin Martin,Sacramento Kings,"Below","Medium"
0.390,45,2004,14.9, 201442.08,2007,"Bernard Robinson","Charlotte Bobcats",0.390,45,2004,Medium,1000000,2007,Bernard Robinson,Charlotte Bobcats,"Below","Low"
0.683,28,2004,21.9,1465209.38,2007,"Beno Udrih","San Antonio Spurs",0.683,28,2004,Medium, 967920,2007,Beno Udrih,San Antonio Spurs,"Above","Medium"
0.439,29,2004,14.2, 559306.29,2007,"David Harrison","Indiana Pacers",0.439,29,2004,Medium, 960840,2007,David Harrison,Indiana Pacers,"Below","Low"
0.500,47,2004,11.6, 744551.00,2007,"Pape Sow","Toronto Raptors",0.500,47,2004,Low, 744551,2007,Pape Sow,Toronto Raptors,"Below","Low"
0.524,32,2004, 3.3, 280567.80,2007,"Peter John Ramos","Washington Wizards",0.524,32,2004,Low, 744551,2007,Peter John Ramos,Washington Wizards,"Above","Low"
0.451,37,2004,12.5,  31903.99,2007,"Royal Ivey","Atlanta Hawks",0.451,37,2004,Medium, 744551,2007,Royal Ivey,Atlanta Hawks,"Below","Low"
0.500,10,2004, 9.9, 109493.00,2007,"Luke Jackson","Toronto Raptors",0.500,10,2004,Low, 109493,2007,Luke Jackson,Toronto Raptors,"Below","Low"
0.415, 1,2005,28.1,1665087.67,2008,"Andrew Bogut","Milwaukee Bucks",0.415, 1,2005,High,4991520,2008,Andrew Bogut,Milwaukee Bucks,"Below","Medium"
0.573, 2,2005,28.1,1943275.96,2008,"Marvin Williams","Atlanta Hawks",0.573, 2,2005,High,4466040,2008,Marvin Williams,Atlanta Hawks,"Above","Medium"
0.585, 3,2005,34.2,4768988.73,2008,"Deron Williams","Utah Jazz",0.585, 3,2005,High,4010640,2008,Deron Williams,Utah Jazz,"Above","High"
0.476,56,2005,21.1,1082341.43,2008,"Amir Johnson","Detroit Pistons",0.476,56,2005,Medium,3666667,2008,Amir Johnson,Detroit Pistons,"Below","Medium"
0.427, 5,2005,29.7, 986478.10,2008,"Raymond Felton","Charlotte Bobcats",0.427, 5,2005,High,3274440,2008,Raymond Felton,Charlotte Bobcats,"Below","Medium"
0.659, 6,2005,24.0, 822541.14,2008,"Martell Webster","Portland Trail Blazers",0.659, 6,2005,Medium,2974080,2008,Martell Webster,Portland Trail Blazers,"Above","Medium"
0.415, 7,2005,20.7,1882689.43,2008,"Charlie Villanueva","Milwaukee Bucks",0.415, 7,2005,Medium,2715000,2008,Charlie Villanueva,Milwaukee Bucks,"Below","Medium"
0.659, 8,2005,22.2,2188476.83,2008,"Channing Frye","Portland Trail Blazers",0.659, 8,2005,Medium,2487240,2008,Channing Frye,Portland Trail Blazers,"Above","Medium"
0.232,49,2005,22.1,1686222.96,2008,"Andray Blatche","Washington Wizards",0.232,49,2005,Medium,2479339,2008,Andray Blatche,Washington Wizards,"Below","Medium"
0.439, 9,2005,12.4, 556091.29,2008,"Ike Diogu","Indiana Pacers",0.439, 9,2005,Medium,2286360,2008,Ike Diogu,Indiana Pacers,"Below","Low"
0.793,10,2005,25.6,1684751.72,2008,"Andrew Bynum","Los Angeles Lakers",0.793,10,2005,High,2172000,2008,Andrew Bynum,Los Angeles Lakers,"Above","Medium"
0.427,13,2005,15.7, 637899.48,2008,"Sean May","Charlotte Bobcats",0.427,13,2005,Medium,1862160,2008,Sean May,Charlotte Bobcats,"Below","Low"
0.293,14,2005,20.2,1192821.12,2008,"Rashad McCants","Minnesota Timberwolves",0.293,14,2005,Medium,1769160,2008,Rashad McCants,Minnesota Timberwolves,"Below","Medium"
0.415,15,2005,19.2,1066091.09,2008,"Antoine Wright","Brooklyn Nets",0.415,15,2005,Medium,1680600,2008,Antoine Wright,Brooklyn Nets,"Below","Medium"
0.402,16,2005,16.2,1169672.59,2008,"Joey Graham","Toronto Raptors",0.402,16,2005,Medium,1596600,2008,Joey Graham,Toronto Raptors,"Below","Medium"
0.439,17,2005,31.5,1539601.13,2008,"Danny Granger","Indiana Pacers",0.439,17,2005,High,1516800,2008,Danny Granger,Indiana Pacers,"Below","Medium"
0.439,38,2005,14.9, 417627.29,2008,"Travis Diener","Indiana Pacers",0.439,38,2005,Medium,1500000,2008,Travis Diener,Indiana Pacers,"Below","Low"
0.293,18,2005,19.8,1754430.65,2008,"Gerald Green","Minnesota Timberwolves",0.293,18,2005,Medium,1440960,2008,Gerald Green,Minnesota Timberwolves,"Below","Medium"
0.293,19,2005,20.2,1333873.27,2008,"Hakim Warrick","Memphis Grizzlies",0.293,19,2005,Medium,1376040,2008,Hakim Warrick,Memphis Grizzlies,"Below","Medium"
0.390,21,2005,22.5,2131129.64,2008,"Nate Robinson","New York Knicks",0.390,21,2005,Medium,1268160,2008,Nate Robinson,New York Knicks,"Below","Medium"
0.659,22,2005,27.8,1396894.63,2008,"Jarrett Jack","Portland Trail Blazers",0.659,22,2005,High,1217400,2008,Jarrett Jack,Portland Trail Blazers,"Above","Medium"
0.646,24,2005,22.4, 838969.65,2008,"Luther Head","Houston Rockets",0.646,24,2005,Medium,1122000,2008,Luther Head,Houston Rockets,"Above","Medium"
0.476,26,2005,18.4, 964426.21,2008,"Jason Maxiell","Detroit Pistons",0.476,26,2005,Medium,1041360,2008,Jason Maxiell,Detroit Pistons,"Below","Medium"
0.659,27,2005,20.0,1849916.28,2008,"Linas Kleiza","Denver Nuggets",0.659,27,2005,Medium,1011360,2008,Linas Kleiza,Denver Nuggets,"Above","Medium"
0.524,29,2005, 9.9,  25282.01,2008,"Wayne Simien","Miami Heat",0.524,29,2005,Low, 997800,2008,Wayne Simien,Miami Heat,"Above","Low"
0.390,30,2005,29.3, 853901.00,2008,"David Lee","New York Knicks",0.390,30,2005,High, 990600,2008,David Lee,New York Knicks,"Below","Medium"
0.585,34,2005,20.4,1090320.29,2008,"C.J. Miles","Utah Jazz",0.585,34,2005,Medium, 945610,2008,C.J. Miles,Utah Jazz,"Above","Medium"
0.573,31,2005,17.0,2193140.55,2008,"Salim Stoudamire","Atlanta Hawks",0.573,31,2005,Medium, 783000,2008,Salim Stoudamire,Atlanta Hawks,"Above","Medium"
0.793,37,2005,17.0,2064556.68,2008,"Ronny Turiaf","Los Angeles Lakers",0.793,37,2005,Medium, 770610,2008,Ronny Turiaf,Los Angeles Lakers,"Above","Medium"
0.659,39,2005,12.4,  75266.89,2008,"Von Wafer","Portland Trail Blazers",0.659,39,2005,Medium, 770610,2008,Von Wafer,Portland Trail Blazers,"Above","Low"
0.207,53,2005,11.9, 263056.60,2008,"Orien Greene","Sacramento Kings",0.207,53,2005,Low, 770610,2008,Orien Greene,Sacramento Kings,"Below","Low"
0.500,45,2005,24.3, 770610.00,2008,"Lou Williams","Philadelphia 76ers",0.500,45,2005,High, 770610,2008,Lou Williams,Philadelphia 76ers,"Below","Medium"
0.610,33,2005,21.6,1792925.30,2008,"Brandon Bass","Dallas Mavericks",0.610,33,2005,Medium, 770610,2008,Brandon Bass,Dallas Mavericks,"Above","Medium"
0.354,40,2005,34.8,5663736.16,2008,"Monta Ellis","Golden State Warriors",0.354,40,2005,High, 770610,2008,Monta Ellis,Golden State Warriors,"Below","High"
0.293,50,2005,27.6,1502919.88,2008,"Ryan Gomes","Minnesota Timberwolves",0.293,50,2005,High, 770610,2008,Ryan Gomes,Minnesota Timberwolves,"Below","Medium"
0.659,28,2005,16.8,1818679.18,2008,"Ian Mahinmi","San Antonio Spurs",0.659,28,2005,Medium, 625840,2008,Ian Mahinmi,San Antonio Spurs,"Above","Medium"
0.720,57,2005,25.7,1458271.22,2008,"Marcin Gortat","Orlando Magic",0.720,57,2005,High, 427163,2008,Marcin Gortat,Orlando Magic,"Above","Medium"
0.488, 1,2006,28.7,1606083.39,2009,"Andrea Bargnani","Toronto Raptors",0.488, 1,2006,High,5176440,2009,Andrea Bargnani,Toronto Raptors,"Below","Medium"
0.610, 2,2006,33.8,4660304.33,2009,"LaMarcus Aldridge","Portland Trail Blazers",0.610, 2,2006,High,4631400,2009,LaMarcus Aldridge,Portland Trail Blazers,"Above","High"
0.537, 3,2006,20.4,2002167.72,2009,"Adam Morrison","Charlotte Bobcats",0.537, 3,2006,Medium,4159200,2009,Adam Morrison,Charlotte Bobcats,"Above","Medium"
0.500, 4,2006,19.7,3749880.00,2009,"Tyrus Thomas","Chicago Bulls",0.500, 4,2006,Medium,3749880,2009,Tyrus Thomas,Chicago Bulls,"Below","Medium"
0.744,42,2006,23.5,1030050.52,2009,"Daniel Gibson","Cleveland Cavaliers",0.744,42,2006,Medium,3700000,2009,Daniel Gibson,Cleveland Cavaliers,"Above","Medium"
0.305, 5,2006,15.5, 595685.08,2009,"Shelden Williams","Sacramento Kings",0.305, 5,2006,Medium,3395760,2009,Shelden Williams,Sacramento Kings,"Below","Low"
0.610, 6,2006,35.5,2472685.84,2009,"Brandon Roy","Portland Trail Blazers",0.610, 6,2006,High,3084240,2009,Brandon Roy,Portland Trail Blazers,"Above","High"
0.183, 7,2006,25.6,1969805.28,2009,"Randy Foye","Minnesota Timberwolves",0.183, 7,2006,High,2815560,2009,Randy Foye,Minnesota Timberwolves,"Below","Medium"
0.488, 8,2006,32.0,1712014.88,2009,"Rudy Gay","Memphis Grizzlies",0.488, 8,2006,High,2579400,2009,Rudy Gay,Memphis Grizzlies,"Below","Medium"
0.183,36,2006,16.9,2116543.38,2009,"Craig Smith","Minnesota Timberwolves",0.183,36,2006,Medium,2500000,2009,Craig Smith,Minnesota Timberwolves,"Below","Medium"
0.610,10,2006, 5.5,  90885.36,2009,"Mouhamed Sene","Oklahoma City Thunder",0.610,10,2006,Low,2252400,2009,Mouhamed Sene,Oklahoma City Thunder,"Above","Low"
0.610,13,2006,21.9,1664577.25,2009,"Thabo Sefolosha","Oklahoma City Thunder",0.610,13,2006,Medium,1931160,2009,Thabo Sefolosha,Oklahoma City Thunder,"Above","Medium"
0.646,14,2006,23.0,1207038.44,2009,"Ronnie Brewer","Utah Jazz",0.646,14,2006,Medium,1834680,2009,Ronnie Brewer,Utah Jazz,"Above","Medium"
0.305,15,2006, 9.4, 260451.44,2009,"Cedric Simmons","Sacramento Kings",0.305,15,2006,Low,1742760,2009,Cedric Simmons,Sacramento Kings,"Below","Low"
0.183,16,2006,15.4, 624749.01,2009,"Rodney Carney","Minnesota Timberwolves",0.183,16,2006,Medium,1655760,2009,Rodney Carney,Minnesota Timberwolves,"Below","Low"
0.671,17,2006,17.1,1435476.05,2009,"Shawne Williams","Dallas Mavericks",0.671,17,2006,Medium,1572960,2009,Shawne Williams,Dallas Mavericks,"Above","Medium"
0.317,18,2006, 9.4, 111163.63,2009,"Oleksiy Pecherov","Washington Wizards",0.317,18,2006,Low,1446720,2009,Oleksiy Pecherov,Washington Wizards,"Below","Low"
0.488,19,2006,10.7, 642603.71,2009,"Quincy Douby","Toronto Raptors",0.488,19,2006,Low,1427040,2009,Quincy Douby,Toronto Raptors,"Below","Low"
0.646,20,2006,13.9,  34424.50,2009,"Renaldo Balkman","Denver Nuggets",0.646,20,2006,Medium,1369920,2009,Renaldo Balkman,Denver Nuggets,"Above","Low"
0.610,21,2006,30.0, 863020.02,2009,"Rajon Rondo","Boston Celtics",0.610,21,2006,High,1315080,2009,Rajon Rondo,Boston Celtics,"Above","Medium"
0.317,22,2006,15.2, 404843.90,2009,"Marcus Williams","Golden State Warriors",0.317,22,2006,Medium,1262520,2009,Marcus Williams,Golden State Warriors,"Below","Low"
0.146,23,2006,17.5,1512894.36,2009,"Josh Boone","Brooklyn Nets",0.146,23,2006,Medium,1212120,2009,Josh Boone,Brooklyn Nets,"Below","Medium"
0.488,24,2006,31.9, 917799.54,2009,"Kyle Lowry","Memphis Grizzlies",0.488,24,2006,High,1163520,2009,Kyle Lowry,Memphis Grizzlies,"Below","Medium"
0.695,26,2006,19.5,1047128.75,2009,"Jordan Farmar","Los Angeles Lakers",0.695,26,2006,Medium,1080000,2009,Jordan Farmar,Los Angeles Lakers,"Above","Medium"
0.146,28,2006, 6.2, 669867.87,2009,"Maurice Ager","Brooklyn Nets",0.146,28,2006,Low,1042440,2009,Maurice Ager,Brooklyn Nets,"Below","Low"
0.354,29,2006,14.7, 612125.89,2009,"Mardy Collins","New York Knicks",0.354,29,2006,Medium,1034760,2009,Mardy Collins,New York Knicks,"Below","Low"
0.537,50,2006,11.8, 284503.46,2009,"Ryan Hollins","Charlotte Bobcats",0.537,50,2006,Low, 972581,2009,Ryan Hollins,Charlotte Bobcats,"Above","Low"
0.488, 9,2006, 5.8, 723527.63,2009,"Patrick O'Bryant","Toronto Raptors",0.488, 9,2006,Low, 797581,2009,Patrick O'Bryant,Toronto Raptors,"Below","Low"
0.610,49,2006,13.9, 116706.20,2009,"Leon Powe","Boston Celtics",0.610,49,2006,Medium, 797581,2009,Leon Powe,Boston Celtics,"Above","Low"
0.537,25,2006,18.0, 880162.72,2009,"Shannon Brown","Charlotte Bobcats",0.537,25,2006,Medium, 797581,2009,Shannon Brown,Charlotte Bobcats,"Above","Medium"
0.646,47,2006,28.2,2116378.68,2009,"Paul Millsap","Utah Jazz",0.646,47,2006,High, 797581,2009,Paul Millsap,Utah Jazz,"Above","Medium"
0.646,37,2006, 9.5, 484365.95,2009,"Bobby Jones","Denver Nuggets",0.646,37,2006,Low, 797581,2009,Bobby Jones,Denver Nuggets,"Above","Low"
0.646,33,2006,11.0,  53184.50,2009,"Solomon Jones","Atlanta Hawks",0.646,33,2006,Low, 797581,2009,Solomon Jones,Atlanta Hawks,"Above","Low"
0.488,54,2006, 7.5, 240085.20,2009,"Hassan Adams","Toronto Raptors",0.488,54,2006,Low, 711517,2009,Hassan Adams,Toronto Raptors,"Below","Low"
0.354,51,2006, 5.2, 369724.88,2009,"Cheikh Samb","New York Knicks",0.354,51,2006,Low, 711517,2009,Cheikh Samb,New York Knicks,"Below","Low"
0.317,46,2006,10.5, 235105.66,2009,"Dee Brown","Washington Wizards",0.317,46,2006,Low, 711517,2009,Dee Brown,Washington Wizards,"Below","Low"
0.512,31,2006, 8.7,  31682.21,2009,"James White","Houston Rockets",0.512,31,2006,Low, 184157,2009,James White,Houston Rockets,"Above","Low"
0.585, 1,2007,19.3,1277339.34,2010,"Greg Oden","Portland Trail Blazers",0.585, 1,2007,Medium,5361240,2010,Greg Oden,Portland Trail Blazers,"Above","Medium"
0.671, 2,2007,36.7,3806006.27,2010,"Kevin Durant","Oklahoma City Thunder",0.671, 2,2007,Very High,4796880,2010,Kevin Durant,Oklahoma City Thunder,"Above","High"
0.537, 3,2007,32.2,4214271.08,2010,"Al Horford","Atlanta Hawks",0.537, 3,2007,High,4307640,2010,Al Horford,Atlanta Hawks,"Above","High"
0.561, 4,2007,32.0,1521670.02,2010,"Mike Conley","Memphis Grizzlies",0.561, 4,2007,High,3883800,2010,Mike Conley,Memphis Grizzlies,"Above","Medium"
0.207,56,2007,23.3,2186607.34,2010,"Ramon Sessions","Minnesota Timberwolves",0.207,56,2007,Medium,3670667,2010,Ramon Sessions,Minnesota Timberwolves,"Below","Medium"
0.671, 5,2007,29.1,1671295.25,2010,"Jeff Green","Oklahoma City Thunder",0.671, 5,2007,High,3516960,2010,Jeff Green,Oklahoma City Thunder,"Above","Medium"
0.561,48,2007,32.2,5781928.65,2010,"Marc Gasol","Memphis Grizzlies",0.561,48,2007,High,3333333,2010,Marc Gasol,Memphis Grizzlies,"Above","High"
0.293, 6,2007,22.2,1359198.86,2010,"Yi Jianlian","Brooklyn Nets",0.293, 6,2007,Medium,3194400,2010,Yi Jianlian,Brooklyn Nets,"Below","Medium"
0.683,35,2007,21.1,1130246.77,2010,"Glen Davis","Boston Celtics",0.683,35,2007,Medium,3000004,2010,Glen Davis,Boston Celtics,"Above","Medium"
0.293,31,2007,22.5,2048376.15,2010,"Carl Landry","Sacramento Kings",0.293,31,2007,Medium,3000000,2010,Carl Landry,Sacramento Kings,"Below","Medium"
0.207, 7,2007,22.9,2022175.98,2010,"Corey Brewer","Minnesota Timberwolves",0.207, 7,2007,Medium,2916120,2010,Corey Brewer,Minnesota Timberwolves,"Below","Medium"
0.524, 8,2007,16.2,1519122.70,2010,"Brandan Wright","Houston Rockets",0.524, 8,2007,Medium,2671440,2010,Brandan Wright,Houston Rockets,"Above","Medium"
0.756, 9,2007,27.7,1924117.74,2010,"Joakim Noah","Chicago Bulls",0.756, 9,2007,High,2455680,2010,Joakim Noah,Chicago Bulls,"Above","Medium"
0.293,10,2007,22.7,1212830.46,2010,"Spencer Hawes","Sacramento Kings",0.293,10,2007,Medium,2332800,2010,Spencer Hawes,Sacramento Kings,"Below","Medium"
0.415,11,2007,12.7, 279986.65,2010,"Acie Law","Charlotte Bobcats",0.415,11,2007,Medium,2216160,2010,Acie Law,Charlotte Bobcats,"Below","Low"
0.500,12,2007,29.5,2105400.00,2010,"Thaddeus Young","Philadelphia 76ers",0.500,12,2007,High,2105400,2010,Thaddeus Young,Philadelphia 76ers,"Below","Medium"
0.280,14,2007,28.0, 984277.73,2010,"Al Thornton","Washington Wizards",0.280,14,2007,High,1900200,2010,Al Thornton,Washington Wizards,"Below","Medium"
0.366,15,2007,27.5,1170194.41,2010,"Rodney Stuckey","Detroit Pistons",0.366,15,2007,High,1805040,2010,Rodney Stuckey,Detroit Pistons,"Below","Medium"
0.280,16,2007,22.8, 807362.20,2010,"Nick Young","Washington Wizards",0.280,16,2007,Medium,1714800,2010,Nick Young,Washington Wizards,"Below","Medium"
0.293,17,2007,14.4, 693650.23,2010,"Sean Williams","Brooklyn Nets",0.293,17,2007,Medium,1629120,2010,Sean Williams,Brooklyn Nets,"Below","Low"
0.268,18,2007,22.7,1942330.23,2010,"Marco Belinelli","Toronto Raptors",0.268,18,2007,Medium,1547640,2010,Marco Belinelli,Toronto Raptors,"Below","Medium"
0.280,19,2007,16.4,1042945.08,2010,"Javaris Crittenton","Washington Wizards",0.280,19,2007,Medium,1477920,2010,Javaris Crittenton,Washington Wizards,"Below","Medium"
0.500,20,2007,16.3,1418880.00,2010,"Jason Smith","Philadelphia 76ers",0.500,20,2007,Medium,1418880,2010,Jason Smith,Philadelphia 76ers,"Below","Medium"
0.707,21,2007,18.3,1285038.88,2010,"Daequan Cook","Miami Heat",0.707,21,2007,Medium,1362120,2010,Daequan Cook,Miami Heat,"Above","Medium"
0.488,22,2007,22.3,1975071.91,2010,"Jared Dudley","Phoenix Suns",0.488,22,2007,Medium,1307640,2010,Jared Dudley,Phoenix Suns,"Below","Medium"
0.512,23,2007,30.0,1996836.12,2010,"Wilson Chandler","New York Knicks",0.512,23,2007,High,1255440,2010,Wilson Chandler,New York Knicks,"Above","Medium"
0.524,26,2007,20.8, 847400.71,2010,"Aaron Brooks","Houston Rockets",0.524,26,2007,Medium,1118520,2010,Aaron Brooks,Houston Rockets,"Above","Medium"
0.610,27,2007,27.3,2153454.79,2010,"Arron Afflalo","Denver Nuggets",0.610,27,2007,High,1086240,2010,Arron Afflalo,Denver Nuggets,"Above","Medium"
0.488,29,2007, 8.4, 109415.22,2010,"Alando Tucker","Phoenix Suns",0.488,29,2007,Low,1071720,2010,Alando Tucker,Phoenix Suns,"Below","Low"
0.756,49,2007,12.1, 149518.10,2010,"Aaron Gray","Chicago Bulls",0.756,49,2007,Medium,1000497,2010,Aaron Gray,Chicago Bulls,"Above","Low"
0.476,38,2007, 8.2, 336057.15,2010,"Kyrylo Fesenko","Utah Jazz",0.476,38,2007,Low, 870000,2010,Kyrylo Fesenko,Utah Jazz,"Below","Low"
0.280,47,2007,15.6, 339016.68,2010,"Dominic McGuire","Washington Wizards",0.280,47,2007,Medium, 825497,2010,Dominic McGuire,Washington Wizards,"Below","Low"
0.561,33,2007, 3.0, 669077.89,2010,"Marcus Williams","Memphis Grizzlies",0.561,33,2007,Low, 825497,2010,Marcus Williams,Memphis Grizzlies,"Above","Low"
0.439,36,2007, 8.3, 362583.31,2010,"Jermareo Davidson","Golden State Warriors",0.439,36,2007,Low, 825497,2010,Jermareo Davidson,Golden State Warriors,"Below","Low"
0.610,33,2007, 3.0, 618652.02,2010,"Marcus Williams","Denver Nuggets",0.610,33,2007,Low, 825497,2010,Marcus Williams,Denver Nuggets,"Above","Low"
0.451,37,2007,19.1,1031859.28,2010,"Josh McRoberts","Indiana Pacers",0.451,37,2007,Medium, 825497,2010,Josh McRoberts,Indiana Pacers,"Below","Medium"
0.683,32,2007, 7.4, 235698.30,2010,"Gabe Pruitt","Boston Celtics",0.683,32,2007,Low, 825497,2010,Gabe Pruitt,Boston Celtics,"Above","Low"
0.695,40,2007, 2.8, 170110.63,2010,"Sun Yue","Los Angeles Lakers",0.695,40,2007,Low, 736420,2010,Sun Yue,Los Angeles Lakers,"Above","Low"
0.561,42,2007,18.5,1838449.71,2010,"Derrick Byars","Memphis Grizzlies",0.561,42,2007,Medium, 457588,2010,Derrick Byars,Memphis Grizzlies,"Above","Medium"
0.756,41,2007,11.1, 199253.71,2010,"Chris Richard","Chicago Bulls",0.756,41,2007,Low, 186271,2010,Chris Richard,Chicago Bulls,"Above","Low"
0.758, 1,2008,31.7,1180436.27,2011,"Derrick Rose","Chicago Bulls",0.758, 1,2008,High,5546160,2011,Derrick Rose,Chicago Bulls,"Above","Medium"
0.394, 2,2008,22.8,1864819.20,2011,"Michael Beasley","Minnesota Timberwolves",0.394, 2,2008,Medium,4962240,2011,Michael Beasley,Minnesota Timberwolves,"Below","Medium"
0.621, 3,2008,30.9,1743616.39,2011,"O.J. Mayo","Memphis Grizzlies",0.621, 3,2008,High,4456200,2011,O.J. Mayo,Memphis Grizzlies,"Above","Medium"
0.712, 4,2008,34.7,4904698.18,2011,"Russell Westbrook","Oklahoma City Thunder",0.712, 4,2008,High,4017720,2011,Russell Westbrook,Oklahoma City Thunder,"Above","High"
0.394, 5,2008,31.1,1523047.14,2011,"Kevin Love","Minnesota Timberwolves",0.394, 5,2008,High,3638280,2011,Kevin Love,Minnesota Timberwolves,"Below","Medium"
0.545, 6,2008,29.9,1284596.44,2011,"Danilo Gallinari","New York Knicks",0.545, 6,2008,High,3304560,2011,Danilo Gallinari,New York Knicks,"Above","Medium"
0.106, 9,2008,23.5,1179641.47,2011,"D.J. Augustin","Charlotte Bobcats",0.106, 9,2008,Medium,2540000,2011,D.J. Augustin,Charlotte Bobcats,"Below","Medium"
0.333,10,2008,30.3,1277980.35,2011,"Brook Lopez","Brooklyn Nets",0.333,10,2008,High,2413320,2011,Brook Lopez,Brooklyn Nets,"Below","Medium"
0.348,11,2008,21.3,1782620.19,2011,"Jerryd Bayless","Toronto Raptors",0.348,11,2008,Medium,2292600,2011,Jerryd Bayless,Toronto Raptors,"Below","Medium"
0.333,12,2008,25.2,1624285.77,2011,"Jason Thompson","Sacramento Kings",0.333,12,2008,High,2178000,2011,Jason Thompson,Sacramento Kings,"Below","Medium"
0.636,13,2008,22.0,2120018.79,2011,"Brandon Rush","Indiana Pacers",0.636,13,2008,Medium,2069040,2011,Brandon Rush,Indiana Pacers,"Above","Medium"
0.545,14,2008,15.2,  72296.98,2011,"Anthony Randolph","New York Knicks",0.545,14,2008,Medium,1965720,2011,Anthony Randolph,New York Knicks,"Above","Low"
0.500,15,2008,22.0,1867320.00,2011,"Robin Lopez","Phoenix Suns",0.500,15,2008,Medium,1867320,2011,Robin Lopez,Phoenix Suns,"Below","Medium"
0.530,16,2008,15.1,  70692.40,2011,"Marreese Speights","Philadelphia 76ers",0.530,16,2008,Medium,1773960,2011,Marreese Speights,Philadelphia 76ers,"Above","Low"
0.636,17,2008,24.8,1271594.32,2011,"Roy Hibbert","Indiana Pacers",0.636,17,2008,High,1685280,2011,Roy Hibbert,Indiana Pacers,"Above","Medium"
0.303,18,2008,17.1,1453935.80,2011,"JaVale McGee","Washington Wizards",0.303,18,2008,Medium,1601040,2011,JaVale McGee,Washington Wizards,"Below","Medium"
0.561,21,2008,25.8, 843599.86,2011,"Ryan Anderson","Orlando Magic",0.561,21,2008,High,1409040,2011,Ryan Anderson,Orlando Magic,"Above","Medium"
0.515,22,2008,27.1,1292459.23,2011,"Courtney Lee","Houston Rockets",0.515,22,2008,High,1352640,2011,Courtney Lee,Houston Rockets,"Above","Medium"
0.394,23,2008,16.4,1268460.59,2011,"Kosta Koufos","Minnesota Timberwolves",0.394,23,2008,Medium,1298640,2011,Kosta Koufos,Minnesota Timberwolves,"Below","Medium"
0.712,24,2008,27.8,1339228.52,2011,"Serge Ibaka","Oklahoma City Thunder",0.712,24,2008,High,1204200,2011,Serge Ibaka,Oklahoma City Thunder,"Above","Medium"
0.424,25,2008,30.8,2149048.49,2011,"Nicolas Batum","Portland Trail Blazers",0.424,25,2008,High,1196760,2011,Nicolas Batum,Portland Trail Blazers,"Below","Medium"
0.621,27,2008,17.8,1297146.74,2011,"Darrell Arthur","Memphis Grizzlies",0.621,27,2008,Medium,1123680,2011,Darrell Arthur,Memphis Grizzlies,"Above","Medium"
0.106,29,2008,15.3, 161457.90,2011,"D.J. White","Charlotte Bobcats",0.106,29,2008,Medium,1108680,2011,D.J. White,Charlotte Bobcats,"Below","Low"
0.545,38,2008,18.9,2138075.22,2011,"Kyle Weaver","Utah Jazz",0.545,38,2008,Medium, 854389,2011,Kyle Weaver,Utah Jazz,"Above","Medium"
0.697,34,2008,26.7,1334507.52,2011,"Mario Chalmers","Miami Heat",0.697,34,2008,High, 854389,2011,Mario Chalmers,Miami Heat,"Above","Medium"
0.758,48,2008, 7.6, 139100.39,2011,"Malik Hairston","San Antonio Spurs",0.758,48,2008,Low, 854389,2011,Malik Hairston,San Antonio Spurs,"Above","Low"
0.348,39,2008,18.2,1700017.65,2011,"Sonny Weems","Toronto Raptors",0.348,39,2008,Medium, 854389,2011,Sonny Weems,Toronto Raptors,"Below","Medium"
0.758,26,2008,27.4,1561256.47,2011,"George Hill","San Antonio Spurs",0.758,26,2008,High, 854389,2011,George Hill,San Antonio Spurs,"Above","Medium"
0.545,47,2008,16.7,2089761.72,2011,"Henry Walker","New York Knicks",0.545,47,2008,Medium, 854389,2011,Henry Walker,New York Knicks,"Above","Medium"
0.333,52,2008, 7.5, 230233.67,2011,"Darnell Jackson","Sacramento Kings",0.333,52,2008,Low, 854389,2011,Darnell Jackson,Sacramento Kings,"Below","Low"
0.470,37,2008,23.3,1073121.89,2011,"Luc Mbah a Moute","Milwaukee Bucks",0.470,37,2008,Medium, 854389,2011,Luc Mbah a Moute,Milwaukee Bucks,"Below","Medium"
0.348, 8,2008,11.1, 535488.13,2011,"Joe Alexander","Golden State Warriors",0.348, 8,2008,Low, 854389,2011,Joe Alexander,Golden State Warriors,"Below","Low"
0.348,33,2008,11.4, 656797.41,2011,"Joey Dorsey","Toronto Raptors",0.348,33,2008,Low, 854389,2011,Joey Dorsey,Toronto Raptors,"Below","Low"
0.470,40,2008,19.7,1297471.98,2011,"Chris Douglas-Roberts","Milwaukee Bucks",0.470,40,2008,Medium, 854389,2011,Chris Douglas-Roberts,Milwaukee Bucks,"Below","Medium"
0.545,58,2008,11.5,  80836.79,2011,"Joe Crawford","New York Knicks",0.545,58,2008,Low, 736420,2011,Joe Crawford,New York Knicks,"Above","Low"
0.379,32,2008, 2.5, 350728.04,2011,"Walter Sharpe","Detroit Pistons",0.379,32,2008,Low, 736420,2011,Walter Sharpe,Detroit Pistons,"Below","Low"
0.318,60,2008,13.4, 148330.76,2011,"Semih Erden","Cleveland Cavaliers",0.318,60,2008,Medium, 473604,2011,Semih Erden,Cleveland Cavaliers,"Below","Low"
0.341,43,2009,23.4,1514791.54,2012,"Marcus Thornton","Sacramento Kings",0.341,43,2009,Medium,7525000,2012,Marcus Thornton,Sacramento Kings,"Below","Medium"
0.341, 4,2009,30.7,2030736.03,2012,"Tyreke Evans","Sacramento Kings",0.341, 4,2009,High,5251825,2012,Tyreke Evans,Sacramento Kings,"Below","Medium"
0.402, 2,2009,10.5, 247968.17,2012,"Hasheem Thabeet","Portland Trail Blazers",0.402, 2,2009,Low,5127720,2012,Hasheem Thabeet,Portland Trail Blazers,"Below","Low"
0.732, 3,2009,34.6,4951383.85,2012,"James Harden","Oklahoma City Thunder",0.732, 3,2009,High,4604760,2012,James Harden,Oklahoma City Thunder,"Above","High"
0.354,39,2009,17.8,1012273.74,2012,"Jonas Jerebko","Detroit Pistons",0.354,39,2009,Medium,4500000,2012,Jonas Jerebko,Detroit Pistons,"Below","Medium"
0.378, 5,2009,30.3,1120759.46,2012,"Ricky Rubio","Minnesota Timberwolves",0.378, 5,2009,High,3480120,2012,Ricky Rubio,Minnesota Timberwolves,"Below","Medium"
0.402, 6,2009,22.9,1026666.65,2012,"Jonny Flynn","Portland Trail Blazers",0.402, 6,2009,Medium,3414720,2012,Jonny Flynn,Portland Trail Blazers,"Below","Medium"
0.415, 9,2009,34.2,5314719.81,2012,"DeMar DeRozan","Toronto Raptors",0.415, 9,2009,High,3344250,2012,DeMar DeRozan,Toronto Raptors,"Below","High"
0.573, 7,2009,34.4,3983257.06,2012,"Stephen Curry","Golden State Warriors",0.573, 7,2009,High,3117120,2012,Stephen Curry,Golden State Warriors,"Above","High"
0.549, 8,2009,18.8,2077958.53,2012,"Jordan Hill","Los Angeles Lakers",0.549, 8,2009,Medium,2855760,2012,Jordan Hill,Los Angeles Lakers,"Above","Medium"
0.415,16,2009,20.5,1656097.05,2012,"James Johnson","Toronto Raptors",0.415,16,2009,Medium,2812006,2012,James Johnson,Toronto Raptors,"Below","Medium"
0.415,17,2009,33.2,2550341.61,2012,"Jrue Holiday","Philadelphia 76ers",0.415,17,2009,High,2674852,2012,Jrue Holiday,Philadelphia 76ers,"Below","High"
0.463,10,2009,30.3,1498919.56,2012,"Brandon Jennings","Milwaukee Bucks",0.463,10,2009,High,2493720,2012,Brandon Jennings,Milwaukee Bucks,"Below","Medium"
0.256,12,2009,25.9,1061711.49,2012,"Gerald Henderson","Charlotte Bobcats",0.256,12,2009,High,2250600,2012,Gerald Henderson,Charlotte Bobcats,"Below","Medium"
0.605,13,2009,16.9,1137872.23,2012,"Tyler Hansbrough","Indiana Pacers",0.605,13,2009,Medium,2138040,2012,Tyler Hansbrough,Indiana Pacers,"Above","Medium"
0.683,33,2009,20.8,1799376.10,2012,"Dante Cunningham","Memphis Grizzlies",0.683,33,2009,Medium,2000000,2012,Dante Cunningham,Memphis Grizzlies,"Above","Medium"
0.354,15,2009,14.1, 646002.82,2012,"Austin Daye","Detroit Pistons",0.354,15,2009,Medium,1929600,2012,Austin Daye,Detroit Pistons,"Below","Low"
0.695,18,2009,29.2,1285988.97,2012,"Ty Lawson","Denver Nuggets",0.695,18,2009,High,1654440,2012,Ty Lawson,Denver Nuggets,"Above","Medium"
0.537,19,2009,26.8,1572336.99,2012,"Jeff Teague","Atlanta Hawks",0.537,19,2009,High,1579920,2012,Jeff Teague,Atlanta Hawks,"Above","Medium"
0.732,20,2009,14.6,  57504.37,2012,"Eric Maynor","Oklahoma City Thunder",0.732,20,2009,Medium,1516680,2012,Eric Maynor,Oklahoma City Thunder,"Above","Low"
0.605,31,2009, 9.8, 429229.00,2012,"Jeff Ayres","Indiana Pacers",0.605,31,2009,Low,1500000,2012,Jeff Ayres,Indiana Pacers,"Above","Low"
0.605,21,2009,29.3,1835468.60,2012,"Darren Collison","Indiana Pacers",0.605,21,2009,High,1455960,2012,Darren Collison,Indiana Pacers,"Above","Medium"
0.293,23,2009,20.3,1367943.55,2012,"Omri Casspi","Cleveland Cavaliers",0.293,23,2009,Medium,1341960,2012,Omri Casspi,Cleveland Cavaliers,"Below","Medium"
0.256,24,2009,18.2,1611529.69,2012,"Byron Mullens","Charlotte Bobcats",0.256,24,2009,Medium,1288200,2012,Byron Mullens,Charlotte Bobcats,"Below","Medium"
0.500,25,2009,15.9,1236720.00,2012,"Rodrigue Beaubois","Dallas Mavericks",0.500,25,2009,Medium,1236720,2012,Rodrigue Beaubois,Dallas Mavericks,"Below","Low"
0.549,26,2009,24.6,1942464.80,2012,"Taj Gibson","Chicago Bulls",0.549,26,2009,High,1195680,2012,Taj Gibson,Chicago Bulls,"Above","Medium"
0.683,36,2009,15.9, 636005.80,2012,"Sam Young","Memphis Grizzlies",0.683,36,2009,Medium,1184750,2012,Sam Young,Memphis Grizzlies,"Above","Low"
0.244,14,2009,13.9, 151571.80,2012,"Earl Clark","Orlando Magic",0.244,14,2009,Medium,1160000,2012,Earl Clark,Orlando Magic,"Below","Low"
0.378,28,2009,20.9,1230184.30,2012,"Wayne Ellington","Minnesota Timberwolves",0.378,28,2009,Medium,1154040,2012,Wayne Ellington,Minnesota Timberwolves,"Below","Medium"
0.659,29,2009,19.1,2012133.80,2012,"Toney Douglas","New York Knicks",0.659,29,2009,Medium,1145640,2012,Toney Douglas,New York Knicks,"Above","Medium"
0.549,30,2009,20.6, 849389.83,2012,"Christian Eyenga","Los Angeles Lakers",0.549,30,2009,Medium,1097520,2012,Christian Eyenga,Los Angeles Lakers,"Above","Medium"
0.707,37,2009,16.6,1106204.53,2012,"DeJuan Blair","San Antonio Spurs",0.707,37,2009,Medium,1054000,2012,DeJuan Blair,San Antonio Spurs,"Above","Medium"
0.463,38,2009,10.5, 636440.83,2012,"Jon Brockman","Milwaukee Bucks",0.463,38,2009,Low,1000000,2012,Jon Brockman,Milwaukee Bucks,"Below","Low"
0.524,27,2009,23.7,1311128.32,2012,"DeMarre Carroll","Utah Jazz",0.524,27,2009,Medium, 885120,2012,DeMarre Carroll,Utah Jazz,"Above","Medium"
0.415,41,2009,22.5,1470093.61,2012,"Jodie Meeks","Philadelphia 76ers",0.415,41,2009,Medium, 854389,2012,Jodie Meeks,Philadelphia 76ers,"Below","Medium"
0.256,40,2009,14.9, 430588.31,2012,"Derrick Brown","Charlotte Bobcats",0.256,40,2009,Medium, 854389,2012,Derrick Brown,Charlotte Bobcats,"Below","Low"
0.605,52,2009,15.1, 562774.66,2012,"A.J. Price","Indiana Pacers",0.605,52,2009,Medium, 854389,2012,A.J. Price,Indiana Pacers,"Above","Low"
0.549,44,2009,19.7,1225676.33,2012,"Chase Budinger","Houston Rockets",0.549,44,2009,Medium, 854389,2012,Chase Budinger,Houston Rockets,"Above","Medium"
0.707,46,2009,25.5,1814352.77,2012,"Danny Green","San Antonio Spurs",0.707,46,2009,High, 854389,2012,Danny Green,San Antonio Spurs,"Above","Medium"
0.293,32,2009,12.1, 272325.97,2012,"Jermaine Taylor","Cleveland Cavaliers",0.293,32,2009,Medium, 780871,2012,Jermaine Taylor,Cleveland Cavaliers,"Below","Low"
0.305,48,2009, 4.0, 237556.06,2012,"Taylor Griffin","Phoenix Suns",0.305,48,2009,Low, 762195,2012,Taylor Griffin,Phoenix Suns,"Below","Low"
0.341,11,2009,19.1,2109384.52,2012,"Terrence Williams","Sacramento Kings",0.341,11,2009,Medium, 254938,2012,Terrence Williams,Sacramento Kings,"Below","Medium"
0.707,55,2009,20.7,1775164.26,2012,"Patty Mills","San Antonio Spurs",0.707,55,2009,Medium, 213517,2012,Patty Mills,San Antonio Spurs,"Above","Medium"
0.683,58,2009,10.4,  75866.89,2012,"Lester Hudson","Memphis Grizzlies",0.683,58,2009,Low,  48232,2012,Lester Hudson,Memphis Grizzlies,"Above","Low"
0.537, 1,2010,35.6,2651707.17,2013,"John Wall","Washington Wizards",0.537, 1,2010,High,7459925,2013,John Wall,Washington Wizards,"Above","High"
0.585,39,2010,23.6,2068477.71,2013,"Landry Fields","Toronto Raptors",0.585,39,2010,Medium,6250000,2013,Landry Fields,Toronto Raptors,"Above","Medium"
0.232, 2,2010,26.9, 863579.70,2013,"Evan Turner","Philadelphia 76ers",0.232, 2,2010,High,5293080,2013,Evan Turner,Philadelphia 76ers,"Below","Medium"
0.305, 3,2010,24.3,1545253.05,2013,"Derrick Favors","Utah Jazz",0.305, 3,2010,High,4753320,2013,Derrick Favors,Utah Jazz,"Below","Medium"
0.585, 4,2010,22.1,1978588.98,2013,"Wesley Johnson","Phoenix Suns",0.585, 4,2010,Medium,4285560,2013,Wesley Johnson,Phoenix Suns,"Above","Medium"
0.341, 5,2010,30.4,1416676.53,2013,"DeMarcus Cousins","Sacramento Kings",0.341, 5,2010,High,3880800,2013,DeMarcus Cousins,Sacramento Kings,"Below","Medium"
0.183, 6,2010,14.8, 645823.79,2013,"Ekpe Udoh","Milwaukee Bucks",0.183, 6,2010,Medium,3524880,2013,Ekpe Udoh,Milwaukee Bucks,"Below","Low"
0.354, 7,2010,27.5,2063324.31,2013,"Greg Monroe","Detroit Pistons",0.354, 7,2010,High,3217680,2013,Greg Monroe,Detroit Pistons,"Below","Medium"
0.305, 9,2010,31.1,2028010.63,2013,"Gordon Hayward","Utah Jazz",0.305, 9,2010,High,2709720,2013,Gordon Hayward,Utah Jazz,"Below","Medium"
0.683,10,2010,33.6,5174448.26,2013,"Paul George","Indiana Pacers",0.683,10,2010,High,2574120,2013,Paul George,Indiana Pacers,"Above","High"
0.341,11,2010,10.0, 104893.58,2013,"Cole Aldrich","Sacramento Kings",0.341,11,2010,Low,2445480,2013,Cole Aldrich,Sacramento Kings,"Below","Low"
0.537,23,2010,20.4,1885074.96,2013,"Trevor Booker","Washington Wizards",0.537,23,2010,Medium,2350820,2013,Trevor Booker,Washington Wizards,"Above","Medium"
0.610,13,2010,19.3,1358361.18,2013,"Ed Davis","Memphis Grizzlies",0.610,13,2010,Medium,2207040,2013,Ed Davis,Memphis Grizzlies,"Above","Medium"
0.341,14,2010,20.8,1027018.82,2013,"Patrick Patterson","Sacramento Kings",0.341,14,2010,Medium,2096760,2013,Patrick Patterson,Sacramento Kings,"Below","Medium"
0.183,15,2010,19.5,1848323.83,2013,"Larry Sanders","Milwaukee Bucks",0.183,15,2010,Medium,1991760,2013,Larry Sanders,Milwaukee Bucks,"Below","Medium"
0.659,16,2010,14.0,  38182.26,2013,"Luke Babbitt","Portland Trail Blazers",0.659,16,2010,Medium,1892280,2013,Luke Babbitt,Portland Trail Blazers,"Above","Low"
0.305,55,2010,10.5, 673901.63,2013,"Jeremy Evans","Utah Jazz",0.305,55,2010,Low,1794872,2013,Jeremy Evans,Utah Jazz,"Below","Low"
0.305,19,2010,27.7,1361350.73,2013,"Avery Bradley","Boston Celtics",0.305,19,2010,High,1630800,2013,Avery Bradley,Boston Celtics,"Below","Medium"
0.659,22,2010,13.5, 366985.30,2013,"Elliot Williams","Portland Trail Blazers",0.659,22,2010,Medium,1442880,2013,Elliot Williams,Portland Trail Blazers,"Above","Low"
0.232,21,2010, 7.1,  85700.60,2013,"Craig Brackins","Philadelphia 76ers",0.232,21,2010,Low,1404960,2013,Craig Brackins,Philadelphia 76ers,"Below","Low"
0.598,25,2010, 9.3, 146422.27,2013,"Dominique Jones","Dallas Mavericks",0.598,25,2010,Low,1276560,2013,Dominique Jones,Dallas Mavericks,"Above","Low"
0.610,26,2010,15.6, 581460.10,2013,"Quincy Pondexter","Memphis Grizzlies",0.610,26,2010,Medium,1234320,2013,Quincy Pondexter,Memphis Grizzlies,"Above","Low"
0.537,27,2010,24.4,1603743.52,2013,"Jordan Crawford","Washington Wizards",0.537,27,2010,High,1198680,2013,Jordan Crawford,Washington Wizards,"Above","Medium"
0.402,52,2010,12.4, 580455.52,2013,"Luke Harangody","Cleveland Cavaliers",0.402,52,2010,Medium,1054389,2013,Luke Harangody,Cleveland Cavaliers,"Below","Low"
0.720,29,2010,10.6, 569896.76,2013,"Daniel Orton","Oklahoma City Thunder",0.720,29,2010,Low, 916099,2013,Daniel Orton,Oklahoma City Thunder,"Above","Low"
0.683,40,2010,23.1, 905860.16,2013,"Lance Stephenson","Indiana Pacers",0.683,40,2010,Medium, 870000,2013,Lance Stephenson,Indiana Pacers,"Above","Medium"
0.659,33,2010,25.1,2016760.25,2013,"Hassan Whiteside","Portland Trail Blazers",0.659,33,2010,High, 854389,2013,Hassan Whiteside,Portland Trail Blazers,"Above","Medium"
0.610,32,2010, 6.9, 710412.53,2013,"Dexter Pittman","Memphis Grizzlies",0.610,32,2010,Low, 854389,2013,Dexter Pittman,Memphis Grizzlies,"Above","Low"
0.232,50,2010, 7.0, 694438.65,2013,"Solomon Alabi","Philadelphia 76ers",0.232,50,2010,Low, 830000,2013,Solomon Alabi,Philadelphia 76ers,"Below","Low"
0.585,38,2010, 4.8, 276376.72,2013,"Andy Rautins","Toronto Raptors",0.585,38,2010,Low, 788872,2013,Andy Rautins,Toronto Raptors,"Above","Low"
0.232,46,2010, 2.0, 782755.21,2013,"Gani Lawal","Philadelphia 76ers",0.232,46,2010,Low, 788872,2013,Gani Lawal,Philadelphia 76ers,"Below","Low"
0.659,41,2010,10.7, 776804.95,2013,"Jarvis Varnado","Miami Heat",0.659,41,2010,Low, 788872,2013,Jarvis Varnado,Miami Heat,"Above","Low"
0.463,53,2010, 7.0, 217363.71,2013,"Pape Sy","Atlanta Hawks",0.463,53,2010,Low, 788872,2013,Pape Sy,Atlanta Hawks,"Below","Low"
0.183,37,2010, 7.8,  43532.82,2013,"Darington Hobson","Milwaukee Bucks",0.183,37,2010,Low, 762195,2013,Darington Hobson,Milwaukee Bucks,"Below","Low"
0.329,58,2010, 5.2, 197096.10,2013,"Derrick Caracter","Los Angeles Lakers",0.329,58,2010,Low, 762195,2013,Derrick Caracter,Los Angeles Lakers,"Below","Low"
0.415,44,2010, 7.6, 118846.43,2013,"Jerome Jordan","New Orleans Pelicans",0.415,44,2010,Low, 762195,2013,Jerome Jordan,New Orleans Pelicans,"Below","Low"
0.488,30,2010, 8.2, 322866.70,2013,"Lazar Hayward","Minnesota Timberwolves",0.488,30,2010,Low, 542788,2013,Lazar Hayward,Minnesota Timberwolves,"Below","Low"
0.756,20,2010,17.5,2132939.37,2013,"James Anderson","San Antonio Spurs",0.756,20,2010,Medium, 532737,2013,James Anderson,San Antonio Spurs,"Above","Medium"
0.720,57,2010, 3.4, 787609.01,2013,"Ryan Reid","Oklahoma City Thunder",0.720,57,2010,Low, 475000,2013,Ryan Reid,Oklahoma City Thunder,"Above","Low"
0.537,34,2010, 8.5,  54635.54,2013,"Armon Johnson","Brooklyn Nets",0.537,34,2010,Low, 104494,2013,Armon Johnson,Brooklyn Nets,"Above","Low"
0.537,24,2010,16.0, 716880.83,2013,"Damion James","Brooklyn Nets",0.537,24,2010,Medium,  68902,2013,Damion James,Brooklyn Nets,"Above","Low"
0.646, 1,2011,33.9,3861571.43,2014,"Kyrie Irving","Cleveland Cavaliers",0.646, 1,2011,High,5607240,2014,Kyrie Irving,Cleveland Cavaliers,"Above","High"
0.354, 2,2011,20.7,1576059.45,2014,"Derrick Williams","Sacramento Kings",0.354, 2,2011,Medium,5016960,2014,Derrick Williams,Sacramento Kings,"Below","Medium"
0.646, 4,2011,27.1,1504350.73,2014,"Tristan Thompson","Cleveland Cavaliers",0.646, 4,2011,High,4062000,2014,Tristan Thompson,Cleveland Cavaliers,"Above","Medium"
0.220,50,2011,17.8, 911173.07,2014,"Lavoy Allen","Philadelphia 76ers",0.220,50,2011,Medium,3060000,2014,Lavoy Allen,Philadelphia 76ers,"Below","Medium"
0.500, 8,2011,29.4,2793960.00,2014,"Brandon Knight","Milwaukee Bucks",0.500, 8,2011,High,2793960,2014,Brandon Knight,Milwaukee Bucks,"Below","Medium"
0.817,11,2011,32.9,3836065.17,2014,"Klay Thompson","Golden State Warriors",0.817,11,2011,High,2317920,2014,Klay Thompson,Golden State Warriors,"Above","High"
0.463,12,2011,22.6, 961932.82,2014,"Alec Burks","Utah Jazz",0.463,12,2011,Medium,2202000,2014,Alec Burks,Utah Jazz,"Below","Medium"
0.476,13,2011,24.9,2089579.16,2014,"Markieff Morris","Phoenix Suns",0.476,13,2011,High,2091840,2014,Markieff Morris,Phoenix Suns,"Below","Medium"
0.671,15,2011,31.3,2088427.00,2014,"Kawhi Leonard","San Antonio Spurs",0.671,15,2011,High,1887840,2014,Kawhi Leonard,San Antonio Spurs,"Above","Medium"
0.207,17,2011,24.9,2024945.26,2014,"Iman Shumpert","New York Knicks",0.207,17,2011,High,1703760,2014,Iman Shumpert,New York Knicks,"Below","Medium"
0.561,18,2011,17.6, 986957.48,2014,"Chris Singleton","Washington Wizards",0.561,18,2011,Medium,1618680,2014,Chris Singleton,Washington Wizards,"Above","Medium"
0.305,19,2011,31.3,1026972.12,2014,"Tobias Harris","Orlando Magic",0.305,19,2011,High,1545840,2014,Tobias Harris,Orlando Magic,"Below","Medium"
0.366,22,2011,24.5,1540654.15,2014,"Kenneth Faried","Denver Nuggets",0.366,22,2011,High,1367640,2014,Kenneth Faried,Denver Nuggets,"Below","Medium"
0.549,24,2011,25.4,1132299.72,2014,"Reggie Jackson","Oklahoma City Thunder",0.549,24,2011,High,1260360,2014,Reggie Jackson,Oklahoma City Thunder,"Above","Medium"
0.256,25,2011,17.3,2095993.42,2014,"MarShon Brooks","Los Angeles Lakers",0.256,25,2011,Medium,1210080,2014,MarShon Brooks,Los Angeles Lakers,"Below","Medium"
0.683,26,2011,13.9, 661714.45,2014,"Jordan Hamilton","Houston Rockets",0.683,26,2011,Medium,1169880,2014,Jordan Hamilton,Houston Rockets,"Above","Low"
0.451,28,2011,22.3,1253594.10,2014,"Norris Cole","Miami Heat",0.451,28,2011,Medium,1129200,2014,Norris Cole,Miami Heat,"Below","Medium"
0.671,29,2011,22.1,1482640.13,2014,"Cory Joseph","San Antonio Spurs",0.671,29,2011,Medium,1120920,2014,Cory Joseph,San Antonio Spurs,"Above","Medium"
0.610,30,2011,33.1,2298560.65,2014,"Jimmy Butler","Chicago Bulls",0.610,30,2011,High,1112880,2014,Jimmy Butler,Chicago Bulls,"Above","High"
0.390,33,2011,21.9,1023607.13,2014,"Kyle Singler","Detroit Pistons",0.390,33,2011,Medium,1045000,2014,Kyle Singler,Detroit Pistons,"Below","Medium"
0.683,38,2011,30.1,1460463.66,2014,"Chandler Parsons","Houston Rockets",0.683,38,2011,High, 926500,2014,Chandler Parsons,Houston Rockets,"Above","Medium"
0.671,40,2011,15.8, 585633.75,2014,"Jon Leuer","Memphis Grizzlies",0.671,40,2011,Medium, 900000,2014,Jon Leuer,Memphis Grizzlies,"Above","Low"
0.732,34,2011,18.4,1405985.23,2014,"Shelvin Mack","Atlanta Hawks",0.732,34,2011,Medium, 884293,2014,Shelvin Mack,Atlanta Hawks,"Above","Medium"
0.390,45,2011,11.8,  89628.56,2014,"Josh Harrellson","Detroit Pistons",0.390,45,2011,Low, 884293,2014,Josh Harrellson,Detroit Pistons,"Below","Low"
0.354,60,2011,28.8,2123766.43,2014,"Isaiah Thomas","Sacramento Kings",0.354,60,2011,High, 884293,2014,Isaiah Thomas,Sacramento Kings,"Below","Medium"
0.305,55,2011,21.0,1444143.46,2014,"E'Twaun Moore","Orlando Magic",0.305,55,2011,Medium, 884293,2014,E'Twaun Moore,Orlando Magic,"Below","Medium"
0.207,39,2011, 9.9, 243295.62,2014,"Jeremy Tyler","New York Knicks",0.207,39,2011,Low, 556584,2014,Jeremy Tyler,New York Knicks,"Below","Low"
0.354,10,2011,13.3, 463427.86,2014,"Jimmer Fredette","Sacramento Kings",0.354,10,2011,Medium, 239279,2014,Jimmer Fredette,Sacramento Kings,"Below","Low"
0.366, 1,2012,34.4,2871029.16,2015,"Anthony Davis","New Orleans Pelicans",0.366, 1,2012,High,5607240,2015,Anthony Davis,New Orleans Pelicans,"Below","High"
0.585, 2,2012,24.6, 854108.66,2015,"Michael Kidd-Gilchrist","Charlotte Hornets",0.585, 2,2012,High,5016960,2015,Michael Kidd-Gilchrist,Charlotte Hornets,"Above","Medium"
0.500,48,2012,15.8,4797664.00,2015,"Kostas Papanikolaou","Houston Rockets",0.500,48,2012,Medium,4797664,2015,Kostas Papanikolaou,Houston Rockets,"Below","Low"
0.500, 3,2012,34.8,4505280.00,2015,"Bradley Beal","Washington Wizards",0.500, 3,2012,High,4505280,2015,Bradley Beal,Washington Wizards,"Below","High"
0.671, 4,2012,28.2,1697910.71,2015,"Dion Waiters","Oklahoma City Thunder",0.671, 4,2012,High,4062000,2015,Dion Waiters,Oklahoma City Thunder,"Above","Medium"
0.537, 5,2012,13.4, 248208.47,2015,"Thomas Robinson","Portland Trail Blazers",0.537, 5,2012,Medium,3678360,2015,Thomas Robinson,Portland Trail Blazers,"Above","Low"
0.537, 6,2012,36.3,2751729.88,2015,"Damian Lillard","Portland Trail Blazers",0.537, 6,2012,Very High,3340920,2015,Damian Lillard,Portland Trail Blazers,"Above","High"
0.585,43,2012,16.5,1797251.35,2015,"Mike Scott","Atlanta Hawks",0.585,43,2012,Medium,3333333,2015,Mike Scott,Atlanta Hawks,"Above","Medium"
0.890, 7,2012,31.8,1289783.03,2015,"Harrison Barnes","Golden State Warriors",0.890, 7,2012,High,3049920,2015,Harrison Barnes,Golden State Warriors,"Above","Medium"
0.122,53,2012,13.2, 278920.08,2015,"Furkan Aldemir","Philadelphia 76ers",0.122,53,2012,Medium,2963232,2015,Furkan Aldemir,Philadelphia 76ers,"Below","Low"
0.683, 8,2012,24.9,2119372.05,2015,"Terrence Ross","Toronto Raptors",0.683, 8,2012,High,2793960,2015,Terrence Ross,Toronto Raptors,"Above","Medium"
0.537, 9,2012,29.8,1835655.60,2015,"Andre Drummond","Detroit Pistons",0.537, 9,2012,High,2568360,2015,Andre Drummond,Detroit Pistons,"Above","Medium"
0.537,11,2012,16.0, 413329.39,2015,"Meyers Leonard","Portland Trail Blazers",0.537,11,2012,Medium,2317920,2015,Meyers Leonard,Portland Trail Blazers,"Above","Low"
0.671,12,2012,20.8, 870197.24,2015,"Jeremy Lamb","Oklahoma City Thunder",0.671,12,2012,Medium,2202000,2015,Jeremy Lamb,Oklahoma City Thunder,"Above","Medium"
0.402,14,2012,19.7,1107245.52,2015,"John Henson","Milwaukee Bucks",0.402,14,2012,Medium,1987320,2015,John Henson,Milwaukee Bucks,"Below","Medium"
0.427,15,2012,22.7, 802190.87,2015,"Maurice Harkless","Orlando Magic",0.427,15,2012,Medium,1887840,2015,Maurice Harkless,Orlando Magic,"Below","Medium"
0.585,17,2012,17.5,2166518.20,2015,"Tyler Zeller","Boston Celtics",0.585,17,2012,Medium,1703760,2015,Tyler Zeller,Boston Celtics,"Above","Medium"
0.500,18,2012,23.8,1618680.00,2015,"Terrence Jones","Houston Rockets",0.500,18,2012,Medium,1618680,2015,Terrence Jones,Houston Rockets,"Below","Medium"
0.427,19,2012,14.3, 755561.55,2015,"Andrew Nicholson","Orlando Magic",0.427,19,2012,Medium,1545840,2015,Andrew Nicholson,Orlando Magic,"Below","Low"
0.427,20,2012,28.6,1662854.57,2015,"Evan Fournier","Orlando Magic",0.427,20,2012,High,1483920,2015,Evan Fournier,Orlando Magic,"Below","Medium"
0.585,21,2012,24.3,1103133.86,2015,"Jared Sullinger","Boston Celtics",0.585,21,2012,High,1424520,2015,Jared Sullinger,Boston Celtics,"Above","Medium"
0.585,23,2012,12.8, 356279.90,2015,"John Jenkins","Atlanta Hawks",0.585,23,2012,Medium,1312920,2015,John Jenkins,Atlanta Hawks,"Above","Low"
0.122,25,2012,21.2,1360679.57,2015,"Tony Wroten","Philadelphia 76ers",0.122,25,2012,Medium,1210080,2015,Tony Wroten,Philadelphia 76ers,"Below","Medium"
0.280,26,2012,16.4,2054492.98,2015,"Miles Plumlee","Phoenix Suns",0.280,26,2012,Medium,1169880,2015,Miles Plumlee,Phoenix Suns,"Below","Medium"
0.671,28,2012,11.7, 497093.73,2015,"Perry Jones","Oklahoma City Thunder",0.671,28,2012,Low,1129200,2015,Perry Jones,Oklahoma City Thunder,"Above","Low"
0.512,29,2012,10.0, 742104.43,2015,"Marquis Teague","Memphis Grizzlies",0.512,29,2012,Low,1120920,2015,Marquis Teague,Memphis Grizzlies,"Above","Low"
0.890,30,2012,14.1, 210385.42,2015,"Festus Ezeli","Golden State Warriors",0.890,30,2012,Medium,1112880,2015,Festus Ezeli,Golden State Warriors,"Above","Low"
0.427,49,2012,14.2, 316715.48,2015,"Kyle O'Quinn","Orlando Magic",0.427,49,2012,Medium, 915243,2015,Kyle O'Quinn,Orlando Magic,"Below","Low"
0.402,39,2012,31.7,1504840.07,2015,"Khris Middleton","Milwaukee Bucks",0.402,39,2012,High, 915243,2015,Khris Middleton,Milwaukee Bucks,"Below","Medium"
0.402,13,2012,19.3,1812479.40,2015,"Kendall Marshall","Milwaukee Bucks",0.402,13,2012,Medium, 915243,2015,Kendall Marshall,Milwaukee Bucks,"Below","Medium"
0.512,34,2012,25.2, 849851.23,2015,"Jae Crowder","Dallas Mavericks",0.512,34,2012,High, 915243,2015,Jae Crowder,Dallas Mavericks,"Above","Medium"
0.890,35,2012,28.5,1162933.06,2015,"Draymond Green","Golden State Warriors",0.890,35,2012,High, 915243,2015,Draymond Green,Golden State Warriors,"Above","Medium"
0.537,40,2012,25.7,1804012.82,2015,"Will Barton","Portland Trail Blazers",0.537,40,2012,High, 915243,2015,Will Barton,Portland Trail Blazers,"Above","Medium"
0.512,42,2012,12.7, 235001.87,2015,"Doron Lamb","Dallas Mavericks",0.512,42,2012,Medium, 915243,2015,Doron Lamb,Dallas Mavericks,"Above","Low"
0.207,60,2012,14.5, 763189.37,2015,"Robert Sacre","Los Angeles Lakers",0.207,60,2012,Medium, 915243,2015,Robert Sacre,Los Angeles Lakers,"Below","Low"
0.366,46,2012,19.8, 837705.77,2015,"Darius Miller","New Orleans Pelicans",0.366,46,2012,Medium, 915243,2015,Darius Miller,New Orleans Pelicans,"Below","Medium"
0.354,58,2012,14.3, 236064.58,2015,"Robbie Hummel","Minnesota Timberwolves",0.354,58,2012,Medium, 880000,2015,Robbie Hummel,Minnesota Timberwolves,"Below","Low"
0.354,45,2012,17.4,1328476.21,2015,"Justin Hamilton","Minnesota Timberwolves",0.354,45,2012,Medium, 816482,2015,Justin Hamilton,Minnesota Timberwolves,"Below","Medium"
0.512,33,2012, 8.3, 593973.15,2015,"Bernard James","Dallas Mavericks",0.512,33,2012,Low, 236886,2015,Bernard James,Dallas Mavericks,"Above","Low"
0.402,38,2012,13.5, 557020.85,2015,"Quincy Miller","Sacramento Kings",0.402,38,2012,Medium, 183049,2015,Quincy Miller,Sacramento Kings,"Below","Low"
0.391, 2,2013,33.0,4638233.27,2016,"Victor Oladipo","Orlando Magic",0.391, 2,2013,High,5192520,2016,Victor Oladipo,Orlando Magic,"Below","High"
0.535, 3,2013,26.0,1145069.63,2016,"Otto Porter Jr.","Washington Wizards",0.535, 3,2013,High,4662960,2016,Otto Porter Jr.,Washington Wizards,"Above","Medium"
0.512, 4,2013,22.2,1126970.94,2016,"Cody Zeller","Charlotte Hornets",0.512, 4,2013,Medium,4204200,2016,Cody Zeller,Charlotte Hornets,"Above","Medium"
0.341, 5,2013,19.0,1338700.10,2016,"Alex Len","Phoenix Suns",0.341, 5,2013,Medium,3807120,2016,Alex Len,Phoenix Suns,"Below","Medium"
0.357, 6,2013,22.4,1270474.45,2016,"Nerlens Noel","Philadelphia 76ers",0.357, 6,2013,Medium,3457800,2016,Nerlens Noel,Philadelphia 76ers,"Below","Medium"
0.372, 7,2013,22.5,1307584.33,2016,"Ben McLemore","Sacramento Kings",0.372, 7,2013,Medium,3156600,2016,Ben McLemore,Sacramento Kings,"Below","Medium"
0.467, 8,2013,29.1,1690136.17,2016,"Kentavious Caldwell-Pope","Detroit Pistons",0.467, 8,2013,High,2891760,2016,Kentavious Caldwell-Pope,Detroit Pistons,"Below","Medium"
0.644, 9,2013,21.1, 828676.54,2016,"Trey Burke","Utah Jazz",0.644, 9,2013,Medium,2658240,2016,Trey Burke,Utah Jazz,"Above","Medium"
0.413,10,2013,31.5, 845274.85,2016,"CJ McCollum","Portland Trail Blazers",0.413,10,2013,High,2525160,2016,CJ McCollum,Portland Trail Blazers,"Below","Medium"
0.465,11,2013,25.3,1770232.97,2016,"Michael Carter-Williams","Milwaukee Bucks",0.465,11,2013,High,2399040,2016,Michael Carter-Williams,Milwaukee Bucks,"Below","Medium"
0.568,12,2013,26.8,1168395.08,2016,"Steven Adams","Oklahoma City Thunder",0.568,12,2013,High,2279040,2016,Steven Adams,Oklahoma City Thunder,"Above","Medium"
0.625,13,2013,22.1,1764109.65,2016,"Kelly Olynyk","Boston Celtics",0.625,13,2013,Medium,2165160,2016,Kelly Olynyk,Boston Celtics,"Above","Medium"
0.364,14,2013,17.2,1936699.63,2016,"Shabazz Muhammad","Minnesota Timberwolves",0.364,14,2013,Medium,2056920,2016,Shabazz Muhammad,Minnesota Timberwolves,"Below","Medium"
0.465,15,2013,32.5,5521508.63,2016,"Giannis Antetokounmpo","Milwaukee Bucks",0.465,15,2013,High,1953960,2016,Giannis Antetokounmpo,Milwaukee Bucks,"Below","High"
0.636,16,2013,12.4, 606795.22,2016,"Lucas Nogueira","Toronto Raptors",0.636,16,2013,Medium,1842000,2016,Lucas Nogueira,Toronto Raptors,"Above","Low"
0.333,48,2013,19.2,1506988.85,2016,"Ryan Kelly","Los Angeles Lakers",0.333,48,2013,Medium,1724250,2016,Ryan Kelly,Los Angeles Lakers,"Below","Medium"
0.419,55,2013,13.6, 130446.99,2016,"Joffrey Lauvergne","Denver Nuggets",0.419,55,2013,Medium,1709719,2016,Joffrey Lauvergne,Denver Nuggets,"Below","Low"
0.214,19,2013,11.7, 652267.09,2016,"Sergey Karasev","Brooklyn Nets",0.214,19,2013,Low,1599840,2016,Sergey Karasev,Brooklyn Nets,"Below","Low"
0.477,20,2013,21.9, 956388.23,2016,"Tony Snell","Chicago Bulls",0.477,20,2013,Medium,1535880,2016,Tony Snell,Chicago Bulls,"Below","Medium"
0.214,18,2013,19.1,2063265.50,2016,"Shane Larkin","Brooklyn Nets",0.214,18,2013,Medium,1500000,2016,Shane Larkin,Brooklyn Nets,"Below","Medium"
0.364,21,2013,20.7,1375786.50,2016,"Gorgui Dieng","Minnesota Timberwolves",0.364,21,2013,Medium,1474440,2016,Gorgui Dieng,Minnesota Timberwolves,"Below","Medium"
0.413,22,2013,22.3,1460039.29,2016,"Mason Plumlee","Portland Trail Blazers",0.413,22,2013,Medium,1415520,2016,Mason Plumlee,Portland Trail Blazers,"Below","Medium"
0.512,23,2013,21.5, 847722.33,2016,"Solomon Hill","Indiana Pacers",0.512,23,2013,Medium,1358880,2016,Solomon Hill,Indiana Pacers,"Above","Medium"
0.575,24,2013,27.0, 886931.83,2016,"Tim Hardaway Jr.","Atlanta Hawks",0.575,24,2013,High,1304520,2016,Tim Hardaway Jr.,Atlanta Hawks,"Above","Medium"
0.467,25,2013,22.0,1794667.27,2016,"Reggie Bullock","Detroit Pistons",0.467,25,2013,Medium,1252440,2016,Reggie Bullock,Detroit Pistons,"Below","Medium"
0.568,26,2013,22.2,1353986.09,2016,"Andre Roberson","Oklahoma City Thunder",0.568,26,2013,Medium,1210800,2016,Andre Roberson,Oklahoma City Thunder,"Above","Medium"
0.644,27,2013,29.9,1482731.89,2016,"Rudy Gobert","Utah Jazz",0.644,27,2013,High,1175880,2016,Rudy Gobert,Utah Jazz,"Above","Medium"
0.341,29,2013,14.5, 615367.05,2016,"Archie Goodwin","Phoenix Suns",0.341,29,2013,Medium,1160160,2016,Archie Goodwin,Phoenix Suns,"Below","Low"
0.575,44,2013,15.5, 745575.96,2016,"Mike Muscala","Atlanta Hawks",0.575,44,2013,Medium, 947276,2016,Mike Muscala,Atlanta Hawks,"Above","Low"
0.413,40,2013, 6.4, 367176.30,2016,"Grant Jerrett","Portland Trail Blazers",0.413,40,2013,Low, 947276,2016,Grant Jerrett,Portland Trail Blazers,"Below","Low"
0.413,31,2013,24.0,1136670.45,2016,"Allen Crabbe","Portland Trail Blazers",0.413,31,2013,Medium, 947276,2016,Allen Crabbe,Portland Trail Blazers,"Below","Medium"
0.357,34,2013,20.4,1217231.35,2016,"Isaiah Canaan","Philadelphia 76ers",0.357,34,2013,Medium, 947276,2016,Isaiah Canaan,Philadelphia 76ers,"Below","Medium"
0.636, 1,2013,12.6, 382930.79,2016,"Anthony Bennett","Toronto Raptors",0.636, 1,2013,Medium, 947276,2016,Anthony Bennett,Toronto Raptors,"Above","Low"
0.419,41,2013, 7.3, 378237.81,2016,"Jamaal Franklin","Denver Nuggets",0.419,41,2013,Low, 947276,2016,Jamaal Franklin,Denver Nuggets,"Below","Low"
0.644,39,2013,10.1, 691395.06,2016,"Jeff Withey","Utah Jazz",0.644,39,2013,Low, 947276,2016,Jeff Withey,Utah Jazz,"Above","Low"
0.644,47,2013,16.1,1679388.25,2016,"Raul Neto","Utah Jazz",0.644,47,2013,Medium, 900000,2016,Raul Neto,Utah Jazz,"Above","Medium"
0.565,50,2013,20.3,1808180.40,2016,"James Ennis III","Memphis Grizzlies",0.565,50,2013,Medium, 845059,2016,James Ennis III,Memphis Grizzlies,"Above","Medium"
0.341,42,2013,10.5, 551691.90,2016,"Pierre Jackson","Dallas Mavericks",0.341,42,2013,Low, 525093,2016,Pierre Jackson,Dallas Mavericks,"Below","Low"
0.341,52,2013,11.5,  81929.71,2016,"Lorenzo Brown","Phoenix Suns",0.341,52,2013,Low, 111444,2016,Lorenzo Brown,Phoenix Suns,"Below","Low"
0.644,46,2013, 8.7, 266126.17,2016,"Erick Green","Utah Jazz",0.644,46,2013,Low,  99418,2016,Erick Green,Utah Jazz,"Above","Low"
